[0.000000] (-) TimerEvent: {}
[0.001022] (mi_primer_paquete) JobQueued: {'identifier': 'mi_primer_paquete', 'dependencies': OrderedDict()}
[0.001180] (my_robot_launch) JobQueued: {'identifier': 'my_robot_launch', 'dependencies': OrderedDict()}
[0.001204] (turtlesim_control_pkg) JobQueued: {'identifier': 'turtlesim_control_pkg', 'dependencies': OrderedDict()}
[0.001220] (tutorial_interfaces) JobQueued: {'identifier': 'tutorial_interfaces', 'dependencies': OrderedDict()}
[0.001233] (py_action) JobQueued: {'identifier': 'py_action', 'dependencies': OrderedDict({'tutorial_interfaces': '/home/alejandra/ros2_ws/install/tutorial_interfaces'})}
[0.001251] (py_srvcli) JobQueued: {'identifier': 'py_srvcli', 'dependencies': OrderedDict({'tutorial_interfaces': '/home/alejandra/ros2_ws/install/tutorial_interfaces'})}
[0.001264] (turtlesim_control) JobQueued: {'identifier': 'turtlesim_control', 'dependencies': OrderedDict({'tutorial_interfaces': '/home/alejandra/ros2_ws/install/tutorial_interfaces'})}
[0.001285] (tutorial_interfaces) JobStarted: {'identifier': 'tutorial_interfaces'}
[0.024106] (mi_primer_paquete) JobStarted: {'identifier': 'mi_primer_paquete'}
[0.034997] (my_robot_launch) JobStarted: {'identifier': 'my_robot_launch'}
[0.044262] (turtlesim_control_pkg) JobStarted: {'identifier': 'turtlesim_control_pkg'}
[0.059061] (tutorial_interfaces) JobProgress: {'identifier': 'tutorial_interfaces', 'progress': 'cmake'}
[0.061914] (tutorial_interfaces) JobProgress: {'identifier': 'tutorial_interfaces', 'progress': 'build'}
[0.062868] (tutorial_interfaces) Command: {'cmd': ['/usr/bin/cmake', '--build', '/home/alejandra/ros2_ws/build/tutorial_interfaces', '--', '-j12', '-l12'], 'cwd': '/home/alejandra/ros2_ws/build/tutorial_interfaces', 'env': OrderedDict({'LESSOPEN': '| /usr/bin/lesspipe %s', 'GZ_SIM_RESOURCE_PATH': '/opt/ros/jazzy/share', 'USER': 'alejandra', 'GZ_CONFIG_PATH': '/opt/ros/jazzy/opt/gz_sim_vendor/share/gz:/opt/ros/jazzy/opt/sdformat_vendor/share/gz:/opt/ros/jazzy/opt/gz_gui_vendor/share/gz:/opt/ros/jazzy/opt/gz_transport_vendor/share/gz:/opt/ros/jazzy/opt/gz_rendering_vendor/share/gz:/opt/ros/jazzy/opt/gz_plugin_vendor/share/gz:/opt/ros/jazzy/opt/gz_fuel_tools_vendor/share/gz:/opt/ros/jazzy/opt/gz_msgs_vendor/share/gz:/opt/ros/jazzy/opt/gz_common_vendor/share/gz', 'GIT_ASKPASS': '/home/alejandra/.vscode-server/bin/645f29cc3176500b4b5762ba887cf2a7f0ffdf2c/extensions/git/dist/askpass.sh', 'SHLVL': '2', 'LD_LIBRARY_PATH': '/opt/ros/jazzy/opt/gz_sim_vendor/lib:/opt/ros/jazzy/opt/gz_sensors_vendor/lib:/opt/ros/jazzy/opt/gz_physics_vendor/lib:/opt/ros/jazzy/opt/sdformat_vendor/lib:/opt/ros/jazzy/opt/rviz_ogre_vendor/lib:/opt/ros/jazzy/lib/x86_64-linux-gnu:/opt/ros/jazzy/opt/gz_gui_vendor/lib:/opt/ros/jazzy/opt/gz_transport_vendor/lib:/opt/ros/jazzy/opt/gz_rendering_vendor/lib:/opt/ros/jazzy/opt/gz_plugin_vendor/lib:/opt/ros/jazzy/opt/gz_fuel_tools_vendor/lib:/opt/ros/jazzy/opt/gz_msgs_vendor/lib:/opt/ros/jazzy/opt/gz_common_vendor/lib:/opt/ros/jazzy/opt/gz_math_vendor/lib:/opt/ros/jazzy/opt/gz_utils_vendor/lib:/opt/ros/jazzy/opt/gz_tools_vendor/lib:/opt/ros/jazzy/opt/gz_ogre_next_vendor/lib:/opt/ros/jazzy/opt/gz_dartsim_vendor/lib:/opt/ros/jazzy/opt/gz_cmake_vendor/lib:/opt/ros/jazzy/lib', 'MOTD_SHOWN': 'update-motd', 'HOME': '/home/alejandra', 'OLDPWD': '/home/alejandra/ros2_ws/src/my_robot_launch', 'TERM_PROGRAM_VERSION': '1.137.0', 'VSCODE_IPC_HOOK_CLI': '/run/user/1000/vscode-ipc-11d74f31-1347-4b18-98cf-144642d45944.sock', 'ROS_PYTHON_VERSION': '3', 'VSCODE_GIT_ASKPASS_MAIN': '/home/alejandra/.vscode-server/bin/645f29cc3176500b4b5762ba887cf2a7f0ffdf2c/extensions/git/dist/askpass-main.js', 'VSCODE_GIT_ASKPASS_NODE': '/home/alejandra/.vscode-server/bin/645f29cc3176500b4b5762ba887cf2a7f0ffdf2c/node', 'VSCODE_PYTHON_AUTOACTIVATE_GUARD': '1', 'DBUS_SESSION_BUS_ADDRESS': 'unix:path=/run/user/1000/bus', 'COLORTERM': 'truecolor', 'WSL_DISTRO_NAME': 'Ubuntu', 'DEBUGINFOD_URLS': 'https://debuginfod.ubuntu.com', 'WAYLAND_DISPLAY': 'wayland-0', 'ROS_DISTRO': 'jazzy', 'LOGNAME': 'alejandra', 'NAME': 'Code', 'WSL_INTEROP': '/run/WSL/65119_interop', 'PULSE_SERVER': 'unix:/mnt/wslg/PulseServer', '_': '/usr/bin/colcon', 'ROS_VERSION': '2', 'TERM': 'xterm-256color', 'PATH': '/home/alejandra/.vscode-server/bin/645f29cc3176500b4b5762ba887cf2a7f0ffdf2c/bin/remote-cli:/opt/ros/jazzy/opt/gz_msgs_vendor/bin:/opt/ros/jazzy/opt/gz_tools_vendor/bin:/opt/ros/jazzy/opt/gz_ogre_next_vendor/bin:/opt/ros/jazzy/bin:/usr/local/sbin:/usr/local/bin:/usr/sbin:/usr/bin:/sbin:/bin:/usr/games:/usr/local/games:/usr/lib/wsl/lib:/mnt/c/Program Files (x86)/Common Files/Oracle/Java/java8path:/mnt/c/Program Files (x86)/Common Files/Oracle/Java/javapath:/mnt/c/WINDOWS/system32:/mnt/c/WINDOWS:/mnt/c/WINDOWS/System32/Wbem:/mnt/c/WINDOWS/System32/WindowsPowerShell/v1.0/:/mnt/c/WINDOWS/System32/OpenSSH/:/mnt/c/Program Files (x86)/PowerShell/7/:/mnt/c/ProgramData/chocolatey/bin:/mnt/c/Program Files/Microchip/xc-dsc/v3.21/bin:/mnt/c/Program Files/Microchip/xc16/v2.10/bin:/mnt/c/Program Files/Git/cmd:/mnt/c/Program Files/dotnet/:/mnt/c/Program Files/usbipd-win/:/mnt/c/Program Files/MATLAB/R2026a/bin:/mnt/c/Users/aleja/AppData/Local/Programs/oh-my-posh/bin/:/mnt/c/Users/aleja/AppData/Local/Programs/Python/Launcher/:/mnt/c/Users/aleja/AppData/Local/Microsoft/WindowsApps:/mnt/c/Users/aleja/AppData/Local/Programs/Microsoft VS Code/bin:/mnt/c/Users/aleja/AppData/Local/Programs/MiKTeX/miktex/bin/x64/:/mnt/c/Users/aleja/AppData/Local/Microsoft/WinGet/Packages/JernejSimoncic.Wget_Microsoft.Winget.Source_8wekyb3d8bbwe:/mnt/c/Users/aleja/AppData/Local/spicetify:/mnt/c/Users/aleja/OneDrive/Escritorio/MikTex/miktex/bin/x64/:/snap/bin', 'XDG_RUNTIME_DIR': '/run/user/1000/', 'DISPLAY': ':0', 'LANG': 'en_US.UTF-8', 'LS_COLORS': 'rs=0:di=01;34:ln=01;36:mh=00:pi=40;33:so=01;35:do=01;35:bd=40;33;01:cd=40;33;01:or=40;31;01:mi=00:su=37;41:sg=30;43:ca=00:tw=30;42:ow=34;42:st=37;44:ex=01;32:*.tar=01;31:*.tgz=01;31:*.arc=01;31:*.arj=01;31:*.taz=01;31:*.lha=01;31:*.lz4=01;31:*.lzh=01;31:*.lzma=01;31:*.tlz=01;31:*.txz=01;31:*.tzo=01;31:*.t7z=01;31:*.zip=01;31:*.z=01;31:*.dz=01;31:*.gz=01;31:*.lrz=01;31:*.lz=01;31:*.lzo=01;31:*.xz=01;31:*.zst=01;31:*.tzst=01;31:*.bz2=01;31:*.bz=01;31:*.tbz=01;31:*.tbz2=01;31:*.tz=01;31:*.deb=01;31:*.rpm=01;31:*.jar=01;31:*.war=01;31:*.ear=01;31:*.sar=01;31:*.rar=01;31:*.alz=01;31:*.ace=01;31:*.zoo=01;31:*.cpio=01;31:*.7z=01;31:*.rz=01;31:*.cab=01;31:*.wim=01;31:*.swm=01;31:*.dwm=01;31:*.esd=01;31:*.avif=01;35:*.jpg=01;35:*.jpeg=01;35:*.mjpg=01;35:*.mjpeg=01;35:*.gif=01;35:*.bmp=01;35:*.pbm=01;35:*.pgm=01;35:*.ppm=01;35:*.tga=01;35:*.xbm=01;35:*.xpm=01;35:*.tif=01;35:*.tiff=01;35:*.png=01;35:*.svg=01;35:*.svgz=01;35:*.mng=01;35:*.pcx=01;35:*.mov=01;35:*.mpg=01;35:*.mpeg=01;35:*.m2v=01;35:*.mkv=01;35:*.webm=01;35:*.webp=01;35:*.ogm=01;35:*.mp4=01;35:*.m4v=01;35:*.mp4v=01;35:*.vob=01;35:*.qt=01;35:*.nuv=01;35:*.wmv=01;35:*.asf=01;35:*.rm=01;35:*.rmvb=01;35:*.flc=01;35:*.avi=01;35:*.fli=01;35:*.flv=01;35:*.gl=01;35:*.dl=01;35:*.xcf=01;35:*.xwd=01;35:*.yuv=01;35:*.cgm=01;35:*.emf=01;35:*.ogv=01;35:*.ogx=01;35:*.aac=00;36:*.au=00;36:*.flac=00;36:*.m4a=00;36:*.mid=00;36:*.midi=00;36:*.mka=00;36:*.mp3=00;36:*.mpc=00;36:*.ogg=00;36:*.ra=00;36:*.wav=00;36:*.oga=00;36:*.opus=00;36:*.spx=00;36:*.xspf=00;36:*~=00;90:*#=00;90:*.bak=00;90:*.crdownload=00;90:*.dpkg-dist=00;90:*.dpkg-new=00;90:*.dpkg-old=00;90:*.dpkg-tmp=00;90:*.old=00;90:*.orig=00;90:*.part=00;90:*.rej=00;90:*.rpmnew=00;90:*.rpmorig=00;90:*.rpmsave=00;90:*.swp=00;90:*.tmp=00;90:*.ucf-dist=00;90:*.ucf-new=00;90:*.ucf-old=00;90:', 'VSCODE_GIT_IPC_HANDLE': '/run/user/1000/vscode-git-8bff9a6284.sock', 'TERM_PROGRAM': 'vscode', 'AMENT_PREFIX_PATH': '/opt/ros/jazzy', 'SHELL': '/bin/bash', 'LESSCLOSE': '/usr/bin/lesspipe %s %s', 'ROS_AUTOMATIC_DISCOVERY_RANGE': 'SUBNET', 'VSCODE_GIT_ASKPASS_EXTRA_ARGS': '', 'PWD': '/home/alejandra/ros2_ws/build/tutorial_interfaces', 'XDG_DATA_DIRS': '/usr/local/share:/usr/share:/var/lib/snapd/desktop', 'PYTHONPATH': '/opt/ros/jazzy/lib/python3.12/site-packages', 'COLCON': '1', 'WSL2_GUI_APPS_ENABLED': '1', 'HOSTTYPE': 'x86_64', 'CMAKE_PREFIX_PATH': '/opt/ros/jazzy/opt/gz_sim_vendor:/opt/ros/jazzy/opt/gz_sensors_vendor:/opt/ros/jazzy/opt/gz_physics_vendor:/opt/ros/jazzy/opt/sdformat_vendor:/opt/ros/jazzy/opt/gz_gui_vendor:/opt/ros/jazzy/opt/gz_transport_vendor:/opt/ros/jazzy/opt/gz_rendering_vendor:/opt/ros/jazzy/opt/gz_plugin_vendor:/opt/ros/jazzy/opt/gz_fuel_tools_vendor:/opt/ros/jazzy/opt/gz_msgs_vendor:/opt/ros/jazzy/opt/gz_common_vendor:/opt/ros/jazzy/opt/gz_math_vendor:/opt/ros/jazzy/opt/gz_utils_vendor:/opt/ros/jazzy/opt/gz_tools_vendor:/opt/ros/jazzy/opt/gz_ogre_next_vendor:/opt/ros/jazzy/opt/gz_dartsim_vendor:/opt/ros/jazzy/opt/gz_cmake_vendor:/opt/ros/jazzy', 'WSLENV': 'ELECTRON_RUN_AS_NODE/w:'}), 'shell': False}
[0.097337] (-) TimerEvent: {}
[0.197719] (-) TimerEvent: {}
[0.298182] (-) TimerEvent: {}
[0.398536] (-) TimerEvent: {}
[0.498899] (-) TimerEvent: {}
[0.599296] (-) TimerEvent: {}
[0.699627] (-) TimerEvent: {}
[0.800125] (-) TimerEvent: {}
[0.900514] (-) TimerEvent: {}
[0.963625] (tutorial_interfaces) StdoutLine: {'line': b'[  1%] Built target tutorial_interfaces__rosidl_generator_type_description\n'}
[0.965101] (tutorial_interfaces) StdoutLine: {'line': b'[  3%] Built target tutorial_interfaces__rs\n'}
[0.966614] (tutorial_interfaces) StdoutLine: {'line': b'[  3%] Built target ament_cmake_python_copy_tutorial_interfaces\n'}
[0.967167] (tutorial_interfaces) StdoutLine: {'line': b'[  5%] Built target tutorial_interfaces__cpp\n'}
[0.968067] (tutorial_interfaces) StdoutLine: {'line': b'[ 25%] Built target tutorial_interfaces__rosidl_generator_c\n'}
[0.968210] (tutorial_interfaces) StdoutLine: {'line': b'[ 34%] Built target tutorial_interfaces__rosidl_typesupport_introspection_c\n'}
[0.968320] (tutorial_interfaces) StdoutLine: {'line': b'[ 43%] Built target tutorial_interfaces__rosidl_typesupport_c\n'}
[0.968543] (tutorial_interfaces) StdoutLine: {'line': b'[ 52%] Built target tutorial_interfaces__rosidl_typesupport_cpp\n'}
[0.968739] (tutorial_interfaces) StdoutLine: {'line': b'[ 61%] Built target tutorial_interfaces__rosidl_typesupport_fastrtps_cpp\n'}
[0.969187] (tutorial_interfaces) StdoutLine: {'line': b'[ 70%] Built target tutorial_interfaces__rosidl_typesupport_introspection_cpp\n'}
[0.969336] (tutorial_interfaces) StdoutLine: {'line': b'[ 80%] Built target tutorial_interfaces__rosidl_typesupport_fastrtps_c\n'}
[0.969465] (tutorial_interfaces) StdoutLine: {'line': b'[ 80%] Built target tutorial_interfaces\n'}
[0.969608] (tutorial_interfaces) StdoutLine: {'line': b'[ 81%] Built target tutorial_interfaces__py\n'}
[0.969803] (tutorial_interfaces) StdoutLine: {'line': b'[ 89%] Built target tutorial_interfaces__rosidl_generator_py\n'}
[0.970026] (tutorial_interfaces) StdoutLine: {'line': b'[ 92%] Built target tutorial_interfaces_s__rosidl_typesupport_fastrtps_c\n'}
[0.970252] (tutorial_interfaces) StdoutLine: {'line': b'[ 96%] Built target tutorial_interfaces_s__rosidl_typesupport_introspection_c\n'}
[0.970476] (tutorial_interfaces) StdoutLine: {'line': b'[100%] Built target tutorial_interfaces_s__rosidl_typesupport_c\n'}
[0.970715] (tutorial_interfaces) StdoutLine: {'line': b'running egg_info\n'}
[0.970950] (tutorial_interfaces) StdoutLine: {'line': b'writing tutorial_interfaces.egg-info/PKG-INFO\n'}
[0.971200] (tutorial_interfaces) StdoutLine: {'line': b'writing dependency_links to tutorial_interfaces.egg-info/dependency_links.txt\n'}
[0.971421] (tutorial_interfaces) StdoutLine: {'line': b'writing top-level names to tutorial_interfaces.egg-info/top_level.txt\n'}
[0.971644] (tutorial_interfaces) StdoutLine: {'line': b"reading manifest file 'tutorial_interfaces.egg-info/SOURCES.txt'\n"}
[0.971856] (tutorial_interfaces) StdoutLine: {'line': b"writing manifest file 'tutorial_interfaces.egg-info/SOURCES.txt'\n"}
[0.972436] (tutorial_interfaces) StdoutLine: {'line': b'[100%] Built target ament_cmake_python_build_tutorial_interfaces_egg\n'}
[0.973128] (tutorial_interfaces) CommandEnded: {'returncode': 0}
[0.973874] (tutorial_interfaces) JobProgress: {'identifier': 'tutorial_interfaces', 'progress': 'install'}
[0.983589] (tutorial_interfaces) Command: {'cmd': ['/usr/bin/cmake', '--install', '/home/alejandra/ros2_ws/build/tutorial_interfaces'], 'cwd': '/home/alejandra/ros2_ws/build/tutorial_interfaces', 'env': OrderedDict({'LESSOPEN': '| /usr/bin/lesspipe %s', 'GZ_SIM_RESOURCE_PATH': '/opt/ros/jazzy/share', 'USER': 'alejandra', 'GZ_CONFIG_PATH': '/opt/ros/jazzy/opt/gz_sim_vendor/share/gz:/opt/ros/jazzy/opt/sdformat_vendor/share/gz:/opt/ros/jazzy/opt/gz_gui_vendor/share/gz:/opt/ros/jazzy/opt/gz_transport_vendor/share/gz:/opt/ros/jazzy/opt/gz_rendering_vendor/share/gz:/opt/ros/jazzy/opt/gz_plugin_vendor/share/gz:/opt/ros/jazzy/opt/gz_fuel_tools_vendor/share/gz:/opt/ros/jazzy/opt/gz_msgs_vendor/share/gz:/opt/ros/jazzy/opt/gz_common_vendor/share/gz', 'GIT_ASKPASS': '/home/alejandra/.vscode-server/bin/645f29cc3176500b4b5762ba887cf2a7f0ffdf2c/extensions/git/dist/askpass.sh', 'SHLVL': '2', 'LD_LIBRARY_PATH': '/opt/ros/jazzy/opt/gz_sim_vendor/lib:/opt/ros/jazzy/opt/gz_sensors_vendor/lib:/opt/ros/jazzy/opt/gz_physics_vendor/lib:/opt/ros/jazzy/opt/sdformat_vendor/lib:/opt/ros/jazzy/opt/rviz_ogre_vendor/lib:/opt/ros/jazzy/lib/x86_64-linux-gnu:/opt/ros/jazzy/opt/gz_gui_vendor/lib:/opt/ros/jazzy/opt/gz_transport_vendor/lib:/opt/ros/jazzy/opt/gz_rendering_vendor/lib:/opt/ros/jazzy/opt/gz_plugin_vendor/lib:/opt/ros/jazzy/opt/gz_fuel_tools_vendor/lib:/opt/ros/jazzy/opt/gz_msgs_vendor/lib:/opt/ros/jazzy/opt/gz_common_vendor/lib:/opt/ros/jazzy/opt/gz_math_vendor/lib:/opt/ros/jazzy/opt/gz_utils_vendor/lib:/opt/ros/jazzy/opt/gz_tools_vendor/lib:/opt/ros/jazzy/opt/gz_ogre_next_vendor/lib:/opt/ros/jazzy/opt/gz_dartsim_vendor/lib:/opt/ros/jazzy/opt/gz_cmake_vendor/lib:/opt/ros/jazzy/lib', 'MOTD_SHOWN': 'update-motd', 'HOME': '/home/alejandra', 'OLDPWD': '/home/alejandra/ros2_ws/src/my_robot_launch', 'TERM_PROGRAM_VERSION': '1.137.0', 'VSCODE_IPC_HOOK_CLI': '/run/user/1000/vscode-ipc-11d74f31-1347-4b18-98cf-144642d45944.sock', 'ROS_PYTHON_VERSION': '3', 'VSCODE_GIT_ASKPASS_MAIN': '/home/alejandra/.vscode-server/bin/645f29cc3176500b4b5762ba887cf2a7f0ffdf2c/extensions/git/dist/askpass-main.js', 'VSCODE_GIT_ASKPASS_NODE': '/home/alejandra/.vscode-server/bin/645f29cc3176500b4b5762ba887cf2a7f0ffdf2c/node', 'VSCODE_PYTHON_AUTOACTIVATE_GUARD': '1', 'DBUS_SESSION_BUS_ADDRESS': 'unix:path=/run/user/1000/bus', 'COLORTERM': 'truecolor', 'WSL_DISTRO_NAME': 'Ubuntu', 'DEBUGINFOD_URLS': 'https://debuginfod.ubuntu.com', 'WAYLAND_DISPLAY': 'wayland-0', 'ROS_DISTRO': 'jazzy', 'LOGNAME': 'alejandra', 'NAME': 'Code', 'WSL_INTEROP': '/run/WSL/65119_interop', 'PULSE_SERVER': 'unix:/mnt/wslg/PulseServer', '_': '/usr/bin/colcon', 'ROS_VERSION': '2', 'TERM': 'xterm-256color', 'PATH': '/home/alejandra/.vscode-server/bin/645f29cc3176500b4b5762ba887cf2a7f0ffdf2c/bin/remote-cli:/opt/ros/jazzy/opt/gz_msgs_vendor/bin:/opt/ros/jazzy/opt/gz_tools_vendor/bin:/opt/ros/jazzy/opt/gz_ogre_next_vendor/bin:/opt/ros/jazzy/bin:/usr/local/sbin:/usr/local/bin:/usr/sbin:/usr/bin:/sbin:/bin:/usr/games:/usr/local/games:/usr/lib/wsl/lib:/mnt/c/Program Files (x86)/Common Files/Oracle/Java/java8path:/mnt/c/Program Files (x86)/Common Files/Oracle/Java/javapath:/mnt/c/WINDOWS/system32:/mnt/c/WINDOWS:/mnt/c/WINDOWS/System32/Wbem:/mnt/c/WINDOWS/System32/WindowsPowerShell/v1.0/:/mnt/c/WINDOWS/System32/OpenSSH/:/mnt/c/Program Files (x86)/PowerShell/7/:/mnt/c/ProgramData/chocolatey/bin:/mnt/c/Program Files/Microchip/xc-dsc/v3.21/bin:/mnt/c/Program Files/Microchip/xc16/v2.10/bin:/mnt/c/Program Files/Git/cmd:/mnt/c/Program Files/dotnet/:/mnt/c/Program Files/usbipd-win/:/mnt/c/Program Files/MATLAB/R2026a/bin:/mnt/c/Users/aleja/AppData/Local/Programs/oh-my-posh/bin/:/mnt/c/Users/aleja/AppData/Local/Programs/Python/Launcher/:/mnt/c/Users/aleja/AppData/Local/Microsoft/WindowsApps:/mnt/c/Users/aleja/AppData/Local/Programs/Microsoft VS Code/bin:/mnt/c/Users/aleja/AppData/Local/Programs/MiKTeX/miktex/bin/x64/:/mnt/c/Users/aleja/AppData/Local/Microsoft/WinGet/Packages/JernejSimoncic.Wget_Microsoft.Winget.Source_8wekyb3d8bbwe:/mnt/c/Users/aleja/AppData/Local/spicetify:/mnt/c/Users/aleja/OneDrive/Escritorio/MikTex/miktex/bin/x64/:/snap/bin', 'XDG_RUNTIME_DIR': '/run/user/1000/', 'DISPLAY': ':0', 'LANG': 'en_US.UTF-8', 'LS_COLORS': 'rs=0:di=01;34:ln=01;36:mh=00:pi=40;33:so=01;35:do=01;35:bd=40;33;01:cd=40;33;01:or=40;31;01:mi=00:su=37;41:sg=30;43:ca=00:tw=30;42:ow=34;42:st=37;44:ex=01;32:*.tar=01;31:*.tgz=01;31:*.arc=01;31:*.arj=01;31:*.taz=01;31:*.lha=01;31:*.lz4=01;31:*.lzh=01;31:*.lzma=01;31:*.tlz=01;31:*.txz=01;31:*.tzo=01;31:*.t7z=01;31:*.zip=01;31:*.z=01;31:*.dz=01;31:*.gz=01;31:*.lrz=01;31:*.lz=01;31:*.lzo=01;31:*.xz=01;31:*.zst=01;31:*.tzst=01;31:*.bz2=01;31:*.bz=01;31:*.tbz=01;31:*.tbz2=01;31:*.tz=01;31:*.deb=01;31:*.rpm=01;31:*.jar=01;31:*.war=01;31:*.ear=01;31:*.sar=01;31:*.rar=01;31:*.alz=01;31:*.ace=01;31:*.zoo=01;31:*.cpio=01;31:*.7z=01;31:*.rz=01;31:*.cab=01;31:*.wim=01;31:*.swm=01;31:*.dwm=01;31:*.esd=01;31:*.avif=01;35:*.jpg=01;35:*.jpeg=01;35:*.mjpg=01;35:*.mjpeg=01;35:*.gif=01;35:*.bmp=01;35:*.pbm=01;35:*.pgm=01;35:*.ppm=01;35:*.tga=01;35:*.xbm=01;35:*.xpm=01;35:*.tif=01;35:*.tiff=01;35:*.png=01;35:*.svg=01;35:*.svgz=01;35:*.mng=01;35:*.pcx=01;35:*.mov=01;35:*.mpg=01;35:*.mpeg=01;35:*.m2v=01;35:*.mkv=01;35:*.webm=01;35:*.webp=01;35:*.ogm=01;35:*.mp4=01;35:*.m4v=01;35:*.mp4v=01;35:*.vob=01;35:*.qt=01;35:*.nuv=01;35:*.wmv=01;35:*.asf=01;35:*.rm=01;35:*.rmvb=01;35:*.flc=01;35:*.avi=01;35:*.fli=01;35:*.flv=01;35:*.gl=01;35:*.dl=01;35:*.xcf=01;35:*.xwd=01;35:*.yuv=01;35:*.cgm=01;35:*.emf=01;35:*.ogv=01;35:*.ogx=01;35:*.aac=00;36:*.au=00;36:*.flac=00;36:*.m4a=00;36:*.mid=00;36:*.midi=00;36:*.mka=00;36:*.mp3=00;36:*.mpc=00;36:*.ogg=00;36:*.ra=00;36:*.wav=00;36:*.oga=00;36:*.opus=00;36:*.spx=00;36:*.xspf=00;36:*~=00;90:*#=00;90:*.bak=00;90:*.crdownload=00;90:*.dpkg-dist=00;90:*.dpkg-new=00;90:*.dpkg-old=00;90:*.dpkg-tmp=00;90:*.old=00;90:*.orig=00;90:*.part=00;90:*.rej=00;90:*.rpmnew=00;90:*.rpmorig=00;90:*.rpmsave=00;90:*.swp=00;90:*.tmp=00;90:*.ucf-dist=00;90:*.ucf-new=00;90:*.ucf-old=00;90:', 'VSCODE_GIT_IPC_HANDLE': '/run/user/1000/vscode-git-8bff9a6284.sock', 'TERM_PROGRAM': 'vscode', 'AMENT_PREFIX_PATH': '/opt/ros/jazzy', 'SHELL': '/bin/bash', 'LESSCLOSE': '/usr/bin/lesspipe %s %s', 'ROS_AUTOMATIC_DISCOVERY_RANGE': 'SUBNET', 'VSCODE_GIT_ASKPASS_EXTRA_ARGS': '', 'PWD': '/home/alejandra/ros2_ws/build/tutorial_interfaces', 'XDG_DATA_DIRS': '/usr/local/share:/usr/share:/var/lib/snapd/desktop', 'PYTHONPATH': '/opt/ros/jazzy/lib/python3.12/site-packages', 'COLCON': '1', 'WSL2_GUI_APPS_ENABLED': '1', 'HOSTTYPE': 'x86_64', 'CMAKE_PREFIX_PATH': '/opt/ros/jazzy/opt/gz_sim_vendor:/opt/ros/jazzy/opt/gz_sensors_vendor:/opt/ros/jazzy/opt/gz_physics_vendor:/opt/ros/jazzy/opt/sdformat_vendor:/opt/ros/jazzy/opt/gz_gui_vendor:/opt/ros/jazzy/opt/gz_transport_vendor:/opt/ros/jazzy/opt/gz_rendering_vendor:/opt/ros/jazzy/opt/gz_plugin_vendor:/opt/ros/jazzy/opt/gz_fuel_tools_vendor:/opt/ros/jazzy/opt/gz_msgs_vendor:/opt/ros/jazzy/opt/gz_common_vendor:/opt/ros/jazzy/opt/gz_math_vendor:/opt/ros/jazzy/opt/gz_utils_vendor:/opt/ros/jazzy/opt/gz_tools_vendor:/opt/ros/jazzy/opt/gz_ogre_next_vendor:/opt/ros/jazzy/opt/gz_dartsim_vendor:/opt/ros/jazzy/opt/gz_cmake_vendor:/opt/ros/jazzy', 'WSLENV': 'ELECTRON_RUN_AS_NODE/w:'}), 'shell': False}
[1.000647] (-) TimerEvent: {}
[1.019470] (tutorial_interfaces) StdoutLine: {'line': b'-- Install configuration: ""\n'}
[1.032031] (tutorial_interfaces) StdoutLine: {'line': b'-- Up-to-date: /home/alejandra/ros2_ws/install/tutorial_interfaces/share/ament_index/resource_index/rosidl_interfaces/tutorial_interfaces\n'}
[1.032857] (tutorial_interfaces) StdoutLine: {'line': b'-- Up-to-date: /home/alejandra/ros2_ws/install/tutorial_interfaces/share/tutorial_interfaces/msg/Num.json\n'}
[1.033030] (tutorial_interfaces) StdoutLine: {'line': b'-- Up-to-date: /home/alejandra/ros2_ws/install/tutorial_interfaces/share/tutorial_interfaces/srv/Hypotenuse.json\n'}
[1.033100] (tutorial_interfaces) StdoutLine: {'line': b'-- Up-to-date: /home/alejandra/ros2_ws/install/tutorial_interfaces/share/tutorial_interfaces/action/Fibonacci.json\n'}
[1.033159] (tutorial_interfaces) StdoutLine: {'line': b'-- Up-to-date: /home/alejandra/ros2_ws/install/tutorial_interfaces/include/tutorial_interfaces/tutorial_interfaces\n'}
[1.033608] (tutorial_interfaces) StdoutLine: {'line': b'-- Up-to-date: /home/alejandra/ros2_ws/install/tutorial_interfaces/include/tutorial_interfaces/tutorial_interfaces/action\n'}
[1.034200] (tutorial_interfaces) StdoutLine: {'line': b'-- Up-to-date: /home/alejandra/ros2_ws/install/tutorial_interfaces/include/tutorial_interfaces/tutorial_interfaces/action/fibonacci.h\n'}
[1.034486] (tutorial_interfaces) StdoutLine: {'line': b'-- Up-to-date: /home/alejandra/ros2_ws/install/tutorial_interfaces/include/tutorial_interfaces/tutorial_interfaces/action/detail\n'}
[1.035566] (tutorial_interfaces) StdoutLine: {'line': b'-- Up-to-date: /home/alejandra/ros2_ws/install/tutorial_interfaces/include/tutorial_interfaces/tutorial_interfaces/action/detail/fibonacci__type_support.h\n'}
[1.035860] (tutorial_interfaces) StdoutLine: {'line': b'-- Up-to-date: /home/alejandra/ros2_ws/install/tutorial_interfaces/include/tutorial_interfaces/tutorial_interfaces/action/detail/fibonacci__struct.h\n'}
[1.036342] (tutorial_interfaces) StdoutLine: {'line': b'-- Up-to-date: /home/alejandra/ros2_ws/install/tutorial_interfaces/include/tutorial_interfaces/tutorial_interfaces/action/detail/fibonacci__description.c\n'}
[1.036597] (tutorial_interfaces) StdoutLine: {'line': b'-- Up-to-date: /home/alejandra/ros2_ws/install/tutorial_interfaces/include/tutorial_interfaces/tutorial_interfaces/action/detail/fibonacci__functions.c\n'}
[1.036793] (tutorial_interfaces) StdoutLine: {'line': b'-- Up-to-date: /home/alejandra/ros2_ws/install/tutorial_interfaces/include/tutorial_interfaces/tutorial_interfaces/action/detail/fibonacci__type_support.c\n'}
[1.036970] (tutorial_interfaces) StdoutLine: {'line': b'-- Up-to-date: /home/alejandra/ros2_ws/install/tutorial_interfaces/include/tutorial_interfaces/tutorial_interfaces/action/detail/fibonacci__functions.h\n'}
[1.037126] (tutorial_interfaces) StdoutLine: {'line': b'-- Up-to-date: /home/alejandra/ros2_ws/install/tutorial_interfaces/include/tutorial_interfaces/tutorial_interfaces/srv\n'}
[1.037281] (tutorial_interfaces) StdoutLine: {'line': b'-- Up-to-date: /home/alejandra/ros2_ws/install/tutorial_interfaces/include/tutorial_interfaces/tutorial_interfaces/srv/hypotenuse.h\n'}
[1.037433] (tutorial_interfaces) StdoutLine: {'line': b'-- Up-to-date: /home/alejandra/ros2_ws/install/tutorial_interfaces/include/tutorial_interfaces/tutorial_interfaces/srv/detail\n'}
[1.038063] (tutorial_interfaces) StdoutLine: {'line': b'-- Up-to-date: /home/alejandra/ros2_ws/install/tutorial_interfaces/include/tutorial_interfaces/tutorial_interfaces/srv/detail/hypotenuse__functions.c\n'}
[1.038744] (tutorial_interfaces) StdoutLine: {'line': b'-- Up-to-date: /home/alejandra/ros2_ws/install/tutorial_interfaces/include/tutorial_interfaces/tutorial_interfaces/srv/detail/hypotenuse__functions.h\n'}
[1.038912] (tutorial_interfaces) StdoutLine: {'line': b'-- Up-to-date: /home/alejandra/ros2_ws/install/tutorial_interfaces/include/tutorial_interfaces/tutorial_interfaces/srv/detail/hypotenuse__description.c\n'}
[1.039085] (tutorial_interfaces) StdoutLine: {'line': b'-- Up-to-date: /home/alejandra/ros2_ws/install/tutorial_interfaces/include/tutorial_interfaces/tutorial_interfaces/srv/detail/hypotenuse__type_support.h\n'}
[1.039224] (tutorial_interfaces) StdoutLine: {'line': b'-- Up-to-date: /home/alejandra/ros2_ws/install/tutorial_interfaces/include/tutorial_interfaces/tutorial_interfaces/srv/detail/hypotenuse__type_support.c\n'}
[1.039372] (tutorial_interfaces) StdoutLine: {'line': b'-- Up-to-date: /home/alejandra/ros2_ws/install/tutorial_interfaces/include/tutorial_interfaces/tutorial_interfaces/srv/detail/hypotenuse__struct.h\n'}
[1.039601] (tutorial_interfaces) StdoutLine: {'line': b'-- Up-to-date: /home/alejandra/ros2_ws/install/tutorial_interfaces/include/tutorial_interfaces/tutorial_interfaces/msg\n'}
[1.040467] (tutorial_interfaces) StdoutLine: {'line': b'-- Up-to-date: /home/alejandra/ros2_ws/install/tutorial_interfaces/include/tutorial_interfaces/tutorial_interfaces/msg/rosidl_generator_c__visibility_control.h\n'}
[1.040812] (tutorial_interfaces) StdoutLine: {'line': b'-- Up-to-date: /home/alejandra/ros2_ws/install/tutorial_interfaces/include/tutorial_interfaces/tutorial_interfaces/msg/detail\n'}
[1.041368] (tutorial_interfaces) StdoutLine: {'line': b'-- Up-to-date: /home/alejandra/ros2_ws/install/tutorial_interfaces/include/tutorial_interfaces/tutorial_interfaces/msg/detail/num__description.c\n'}
[1.041740] (tutorial_interfaces) StdoutLine: {'line': b'-- Up-to-date: /home/alejandra/ros2_ws/install/tutorial_interfaces/include/tutorial_interfaces/tutorial_interfaces/msg/detail/num__functions.c\n'}
[1.041939] (tutorial_interfaces) StdoutLine: {'line': b'-- Up-to-date: /home/alejandra/ros2_ws/install/tutorial_interfaces/include/tutorial_interfaces/tutorial_interfaces/msg/detail/num__type_support.c\n'}
[1.042089] (tutorial_interfaces) StdoutLine: {'line': b'-- Up-to-date: /home/alejandra/ros2_ws/install/tutorial_interfaces/include/tutorial_interfaces/tutorial_interfaces/msg/detail/num__functions.h\n'}
[1.042230] (tutorial_interfaces) StdoutLine: {'line': b'-- Up-to-date: /home/alejandra/ros2_ws/install/tutorial_interfaces/include/tutorial_interfaces/tutorial_interfaces/msg/detail/num__struct.h\n'}
[1.042380] (tutorial_interfaces) StdoutLine: {'line': b'-- Up-to-date: /home/alejandra/ros2_ws/install/tutorial_interfaces/include/tutorial_interfaces/tutorial_interfaces/msg/detail/num__type_support.h\n'}
[1.042622] (tutorial_interfaces) StdoutLine: {'line': b'-- Up-to-date: /home/alejandra/ros2_ws/install/tutorial_interfaces/include/tutorial_interfaces/tutorial_interfaces/msg/num.h\n'}
[1.042786] (tutorial_interfaces) StdoutLine: {'line': b'-- Up-to-date: /home/alejandra/ros2_ws/install/tutorial_interfaces/share/tutorial_interfaces/environment/library_path.sh\n'}
[1.042935] (tutorial_interfaces) StdoutLine: {'line': b'-- Up-to-date: /home/alejandra/ros2_ws/install/tutorial_interfaces/share/tutorial_interfaces/environment/library_path.dsv\n'}
[1.045244] (tutorial_interfaces) StdoutLine: {'line': b'-- Up-to-date: /home/alejandra/ros2_ws/install/tutorial_interfaces/lib/libtutorial_interfaces__rosidl_generator_c.so\n'}
[1.045455] (tutorial_interfaces) StdoutLine: {'line': b'-- Up-to-date: /home/alejandra/ros2_ws/install/tutorial_interfaces/include/tutorial_interfaces/tutorial_interfaces\n'}
[1.045789] (tutorial_interfaces) StdoutLine: {'line': b'-- Up-to-date: /home/alejandra/ros2_ws/install/tutorial_interfaces/include/tutorial_interfaces/tutorial_interfaces/action\n'}
[1.046364] (tutorial_interfaces) StdoutLine: {'line': b'-- Up-to-date: /home/alejandra/ros2_ws/install/tutorial_interfaces/include/tutorial_interfaces/tutorial_interfaces/action/detail\n'}
[1.046865] (tutorial_interfaces) StdoutLine: {'line': b'-- Up-to-date: /home/alejandra/ros2_ws/install/tutorial_interfaces/include/tutorial_interfaces/tutorial_interfaces/action/detail/fibonacci__rosidl_typesupport_fastrtps_c.h\n'}
[1.047536] (tutorial_interfaces) StdoutLine: {'line': b'-- Up-to-date: /home/alejandra/ros2_ws/install/tutorial_interfaces/include/tutorial_interfaces/tutorial_interfaces/srv\n'}
[1.048176] (tutorial_interfaces) StdoutLine: {'line': b'-- Up-to-date: /home/alejandra/ros2_ws/install/tutorial_interfaces/include/tutorial_interfaces/tutorial_interfaces/srv/detail\n'}
[1.048364] (tutorial_interfaces) StdoutLine: {'line': b'-- Up-to-date: /home/alejandra/ros2_ws/install/tutorial_interfaces/include/tutorial_interfaces/tutorial_interfaces/srv/detail/hypotenuse__rosidl_typesupport_fastrtps_c.h\n'}
[1.048615] (tutorial_interfaces) StdoutLine: {'line': b'-- Up-to-date: /home/alejandra/ros2_ws/install/tutorial_interfaces/include/tutorial_interfaces/tutorial_interfaces/msg\n'}
[1.049165] (tutorial_interfaces) StdoutLine: {'line': b'-- Up-to-date: /home/alejandra/ros2_ws/install/tutorial_interfaces/include/tutorial_interfaces/tutorial_interfaces/msg/detail\n'}
[1.049258] (tutorial_interfaces) StdoutLine: {'line': b'-- Up-to-date: /home/alejandra/ros2_ws/install/tutorial_interfaces/include/tutorial_interfaces/tutorial_interfaces/msg/detail/num__rosidl_typesupport_fastrtps_c.h\n'}
[1.049323] (tutorial_interfaces) StdoutLine: {'line': b'-- Up-to-date: /home/alejandra/ros2_ws/install/tutorial_interfaces/include/tutorial_interfaces/tutorial_interfaces/msg/rosidl_typesupport_fastrtps_c__visibility_control.h\n'}
[1.052094] (tutorial_interfaces) StdoutLine: {'line': b'-- Up-to-date: /home/alejandra/ros2_ws/install/tutorial_interfaces/lib/libtutorial_interfaces__rosidl_typesupport_fastrtps_c.so\n'}
[1.052449] (tutorial_interfaces) StdoutLine: {'line': b'-- Up-to-date: /home/alejandra/ros2_ws/install/tutorial_interfaces/include/tutorial_interfaces/tutorial_interfaces\n'}
[1.052925] (tutorial_interfaces) StdoutLine: {'line': b'-- Up-to-date: /home/alejandra/ros2_ws/install/tutorial_interfaces/include/tutorial_interfaces/tutorial_interfaces/action\n'}
[1.053456] (tutorial_interfaces) StdoutLine: {'line': b'-- Up-to-date: /home/alejandra/ros2_ws/install/tutorial_interfaces/include/tutorial_interfaces/tutorial_interfaces/action/fibonacci.hpp\n'}
[1.054032] (tutorial_interfaces) StdoutLine: {'line': b'-- Up-to-date: /home/alejandra/ros2_ws/install/tutorial_interfaces/include/tutorial_interfaces/tutorial_interfaces/action/detail\n'}
[1.055156] (tutorial_interfaces) StdoutLine: {'line': b'-- Up-to-date: /home/alejandra/ros2_ws/install/tutorial_interfaces/include/tutorial_interfaces/tutorial_interfaces/action/detail/fibonacci__type_support.hpp\n'}
[1.055691] (tutorial_interfaces) StdoutLine: {'line': b'-- Up-to-date: /home/alejandra/ros2_ws/install/tutorial_interfaces/include/tutorial_interfaces/tutorial_interfaces/action/detail/fibonacci__traits.hpp\n'}
[1.055815] (tutorial_interfaces) StdoutLine: {'line': b'-- Up-to-date: /home/alejandra/ros2_ws/install/tutorial_interfaces/include/tutorial_interfaces/tutorial_interfaces/action/detail/fibonacci__builder.hpp\n'}
[1.055883] (tutorial_interfaces) StdoutLine: {'line': b'-- Up-to-date: /home/alejandra/ros2_ws/install/tutorial_interfaces/include/tutorial_interfaces/tutorial_interfaces/action/detail/fibonacci__struct.hpp\n'}
[1.055947] (tutorial_interfaces) StdoutLine: {'line': b'-- Up-to-date: /home/alejandra/ros2_ws/install/tutorial_interfaces/include/tutorial_interfaces/tutorial_interfaces/srv\n'}
[1.056011] (tutorial_interfaces) StdoutLine: {'line': b'-- Up-to-date: /home/alejandra/ros2_ws/install/tutorial_interfaces/include/tutorial_interfaces/tutorial_interfaces/srv/detail\n'}
[1.056084] (tutorial_interfaces) StdoutLine: {'line': b'-- Up-to-date: /home/alejandra/ros2_ws/install/tutorial_interfaces/include/tutorial_interfaces/tutorial_interfaces/srv/detail/hypotenuse__struct.hpp\n'}
[1.056233] (tutorial_interfaces) StdoutLine: {'line': b'-- Up-to-date: /home/alejandra/ros2_ws/install/tutorial_interfaces/include/tutorial_interfaces/tutorial_interfaces/srv/detail/hypotenuse__builder.hpp\n'}
[1.056415] (tutorial_interfaces) StdoutLine: {'line': b'-- Up-to-date: /home/alejandra/ros2_ws/install/tutorial_interfaces/include/tutorial_interfaces/tutorial_interfaces/srv/detail/hypotenuse__traits.hpp\n'}
[1.056823] (tutorial_interfaces) StdoutLine: {'line': b'-- Up-to-date: /home/alejandra/ros2_ws/install/tutorial_interfaces/include/tutorial_interfaces/tutorial_interfaces/srv/detail/hypotenuse__type_support.hpp\n'}
[1.056912] (tutorial_interfaces) StdoutLine: {'line': b'-- Up-to-date: /home/alejandra/ros2_ws/install/tutorial_interfaces/include/tutorial_interfaces/tutorial_interfaces/srv/hypotenuse.hpp\n'}
[1.056975] (tutorial_interfaces) StdoutLine: {'line': b'-- Up-to-date: /home/alejandra/ros2_ws/install/tutorial_interfaces/include/tutorial_interfaces/tutorial_interfaces/msg\n'}
[1.057376] (tutorial_interfaces) StdoutLine: {'line': b'-- Up-to-date: /home/alejandra/ros2_ws/install/tutorial_interfaces/include/tutorial_interfaces/tutorial_interfaces/msg/num.hpp\n'}
[1.057698] (tutorial_interfaces) StdoutLine: {'line': b'-- Up-to-date: /home/alejandra/ros2_ws/install/tutorial_interfaces/include/tutorial_interfaces/tutorial_interfaces/msg/detail\n'}
[1.057776] (tutorial_interfaces) StdoutLine: {'line': b'-- Up-to-date: /home/alejandra/ros2_ws/install/tutorial_interfaces/include/tutorial_interfaces/tutorial_interfaces/msg/detail/num__builder.hpp\n'}
[1.058274] (tutorial_interfaces) StdoutLine: {'line': b'-- Up-to-date: /home/alejandra/ros2_ws/install/tutorial_interfaces/include/tutorial_interfaces/tutorial_interfaces/msg/detail/num__traits.hpp\n'}
[1.058545] (tutorial_interfaces) StdoutLine: {'line': b'-- Up-to-date: /home/alejandra/ros2_ws/install/tutorial_interfaces/include/tutorial_interfaces/tutorial_interfaces/msg/detail/num__type_support.hpp\n'}
[1.059035] (tutorial_interfaces) StdoutLine: {'line': b'-- Up-to-date: /home/alejandra/ros2_ws/install/tutorial_interfaces/include/tutorial_interfaces/tutorial_interfaces/msg/detail/num__struct.hpp\n'}
[1.059571] (tutorial_interfaces) StdoutLine: {'line': b'-- Up-to-date: /home/alejandra/ros2_ws/install/tutorial_interfaces/include/tutorial_interfaces/tutorial_interfaces/msg/rosidl_generator_cpp__visibility_control.hpp\n'}
[1.059739] (tutorial_interfaces) StdoutLine: {'line': b'-- Up-to-date: /home/alejandra/ros2_ws/install/tutorial_interfaces/include/tutorial_interfaces/tutorial_interfaces\n'}
[1.060033] (tutorial_interfaces) StdoutLine: {'line': b'-- Up-to-date: /home/alejandra/ros2_ws/install/tutorial_interfaces/include/tutorial_interfaces/tutorial_interfaces/action\n'}
[1.060190] (tutorial_interfaces) StdoutLine: {'line': b'-- Up-to-date: /home/alejandra/ros2_ws/install/tutorial_interfaces/include/tutorial_interfaces/tutorial_interfaces/action/detail\n'}
[1.060335] (tutorial_interfaces) StdoutLine: {'line': b'-- Up-to-date: /home/alejandra/ros2_ws/install/tutorial_interfaces/include/tutorial_interfaces/tutorial_interfaces/action/detail/fibonacci__rosidl_typesupport_fastrtps_cpp.hpp\n'}
[1.060475] (tutorial_interfaces) StdoutLine: {'line': b'-- Up-to-date: /home/alejandra/ros2_ws/install/tutorial_interfaces/include/tutorial_interfaces/tutorial_interfaces/action/detail/dds_fastrtps\n'}
[1.060616] (tutorial_interfaces) StdoutLine: {'line': b'-- Up-to-date: /home/alejandra/ros2_ws/install/tutorial_interfaces/include/tutorial_interfaces/tutorial_interfaces/srv\n'}
[1.060749] (tutorial_interfaces) StdoutLine: {'line': b'-- Up-to-date: /home/alejandra/ros2_ws/install/tutorial_interfaces/include/tutorial_interfaces/tutorial_interfaces/srv/detail\n'}
[1.060888] (tutorial_interfaces) StdoutLine: {'line': b'-- Up-to-date: /home/alejandra/ros2_ws/install/tutorial_interfaces/include/tutorial_interfaces/tutorial_interfaces/srv/detail/hypotenuse__rosidl_typesupport_fastrtps_cpp.hpp\n'}
[1.061061] (tutorial_interfaces) StdoutLine: {'line': b'-- Up-to-date: /home/alejandra/ros2_ws/install/tutorial_interfaces/include/tutorial_interfaces/tutorial_interfaces/srv/detail/dds_fastrtps\n'}
[1.061588] (tutorial_interfaces) StdoutLine: {'line': b'-- Up-to-date: /home/alejandra/ros2_ws/install/tutorial_interfaces/include/tutorial_interfaces/tutorial_interfaces/msg\n'}
[1.061684] (tutorial_interfaces) StdoutLine: {'line': b'-- Up-to-date: /home/alejandra/ros2_ws/install/tutorial_interfaces/include/tutorial_interfaces/tutorial_interfaces/msg/rosidl_typesupport_fastrtps_cpp__visibility_control.h\n'}
[1.061751] (tutorial_interfaces) StdoutLine: {'line': b'-- Up-to-date: /home/alejandra/ros2_ws/install/tutorial_interfaces/include/tutorial_interfaces/tutorial_interfaces/msg/detail\n'}
[1.061812] (tutorial_interfaces) StdoutLine: {'line': b'-- Up-to-date: /home/alejandra/ros2_ws/install/tutorial_interfaces/include/tutorial_interfaces/tutorial_interfaces/msg/detail/num__rosidl_typesupport_fastrtps_cpp.hpp\n'}
[1.061932] (tutorial_interfaces) StdoutLine: {'line': b'-- Up-to-date: /home/alejandra/ros2_ws/install/tutorial_interfaces/include/tutorial_interfaces/tutorial_interfaces/msg/detail/dds_fastrtps\n'}
[1.062071] (tutorial_interfaces) StdoutLine: {'line': b'-- Up-to-date: /home/alejandra/ros2_ws/install/tutorial_interfaces/lib/libtutorial_interfaces__rosidl_typesupport_fastrtps_cpp.so\n'}
[1.062646] (tutorial_interfaces) StdoutLine: {'line': b'-- Up-to-date: /home/alejandra/ros2_ws/install/tutorial_interfaces/include/tutorial_interfaces/tutorial_interfaces\n'}
[1.062734] (tutorial_interfaces) StdoutLine: {'line': b'-- Up-to-date: /home/alejandra/ros2_ws/install/tutorial_interfaces/include/tutorial_interfaces/tutorial_interfaces/action\n'}
[1.063152] (tutorial_interfaces) StdoutLine: {'line': b'-- Up-to-date: /home/alejandra/ros2_ws/install/tutorial_interfaces/include/tutorial_interfaces/tutorial_interfaces/action/detail\n'}
[1.063576] (tutorial_interfaces) StdoutLine: {'line': b'-- Up-to-date: /home/alejandra/ros2_ws/install/tutorial_interfaces/include/tutorial_interfaces/tutorial_interfaces/action/detail/fibonacci__rosidl_typesupport_introspection_c.h\n'}
[1.064810] (tutorial_interfaces) StdoutLine: {'line': b'-- Up-to-date: /home/alejandra/ros2_ws/install/tutorial_interfaces/include/tutorial_interfaces/tutorial_interfaces/action/detail/fibonacci__type_support.c\n'}
[1.065640] (tutorial_interfaces) StdoutLine: {'line': b'-- Up-to-date: /home/alejandra/ros2_ws/install/tutorial_interfaces/include/tutorial_interfaces/tutorial_interfaces/srv\n'}
[1.066165] (tutorial_interfaces) StdoutLine: {'line': b'-- Up-to-date: /home/alejandra/ros2_ws/install/tutorial_interfaces/include/tutorial_interfaces/tutorial_interfaces/srv/detail\n'}
[1.069287] (tutorial_interfaces) StdoutLine: {'line': b'-- Up-to-date: /home/alejandra/ros2_ws/install/tutorial_interfaces/include/tutorial_interfaces/tutorial_interfaces/srv/detail/hypotenuse__rosidl_typesupport_introspection_c.h\n'}
[1.069952] (tutorial_interfaces) StdoutLine: {'line': b'-- Up-to-date: /home/alejandra/ros2_ws/install/tutorial_interfaces/include/tutorial_interfaces/tutorial_interfaces/srv/detail/hypotenuse__type_support.c\n'}
[1.070153] (tutorial_interfaces) StdoutLine: {'line': b'-- Up-to-date: /home/alejandra/ros2_ws/install/tutorial_interfaces/include/tutorial_interfaces/tutorial_interfaces/msg\n'}
[1.070333] (tutorial_interfaces) StdoutLine: {'line': b'-- Up-to-date: /home/alejandra/ros2_ws/install/tutorial_interfaces/include/tutorial_interfaces/tutorial_interfaces/msg/detail\n'}
[1.070618] (tutorial_interfaces) StdoutLine: {'line': b'-- Up-to-date: /home/alejandra/ros2_ws/install/tutorial_interfaces/include/tutorial_interfaces/tutorial_interfaces/msg/detail/num__rosidl_typesupport_introspection_c.h\n'}
[1.071228] (tutorial_interfaces) StdoutLine: {'line': b'-- Up-to-date: /home/alejandra/ros2_ws/install/tutorial_interfaces/include/tutorial_interfaces/tutorial_interfaces/msg/detail/num__type_support.c\n'}
[1.071429] (tutorial_interfaces) StdoutLine: {'line': b'-- Up-to-date: /home/alejandra/ros2_ws/install/tutorial_interfaces/include/tutorial_interfaces/tutorial_interfaces/msg/rosidl_typesupport_introspection_c__visibility_control.h\n'}
[1.071655] (tutorial_interfaces) StdoutLine: {'line': b'-- Up-to-date: /home/alejandra/ros2_ws/install/tutorial_interfaces/lib/libtutorial_interfaces__rosidl_typesupport_introspection_c.so\n'}
[1.071964] (tutorial_interfaces) StdoutLine: {'line': b'-- Up-to-date: /home/alejandra/ros2_ws/install/tutorial_interfaces/lib/libtutorial_interfaces__rosidl_typesupport_c.so\n'}
[1.072117] (tutorial_interfaces) StdoutLine: {'line': b'-- Up-to-date: /home/alejandra/ros2_ws/install/tutorial_interfaces/include/tutorial_interfaces/tutorial_interfaces\n'}
[1.072274] (tutorial_interfaces) StdoutLine: {'line': b'-- Up-to-date: /home/alejandra/ros2_ws/install/tutorial_interfaces/include/tutorial_interfaces/tutorial_interfaces/action\n'}
[1.072579] (tutorial_interfaces) StdoutLine: {'line': b'-- Up-to-date: /home/alejandra/ros2_ws/install/tutorial_interfaces/include/tutorial_interfaces/tutorial_interfaces/action/detail\n'}
[1.073256] (tutorial_interfaces) StdoutLine: {'line': b'-- Up-to-date: /home/alejandra/ros2_ws/install/tutorial_interfaces/include/tutorial_interfaces/tutorial_interfaces/action/detail/fibonacci__type_support.cpp\n'}
[1.073652] (tutorial_interfaces) StdoutLine: {'line': b'-- Up-to-date: /home/alejandra/ros2_ws/install/tutorial_interfaces/include/tutorial_interfaces/tutorial_interfaces/action/detail/fibonacci__rosidl_typesupport_introspection_cpp.hpp\n'}
[1.073776] (tutorial_interfaces) StdoutLine: {'line': b'-- Up-to-date: /home/alejandra/ros2_ws/install/tutorial_interfaces/include/tutorial_interfaces/tutorial_interfaces/srv\n'}
[1.074148] (tutorial_interfaces) StdoutLine: {'line': b'-- Up-to-date: /home/alejandra/ros2_ws/install/tutorial_interfaces/include/tutorial_interfaces/tutorial_interfaces/srv/detail\n'}
[1.074528] (tutorial_interfaces) StdoutLine: {'line': b'-- Up-to-date: /home/alejandra/ros2_ws/install/tutorial_interfaces/include/tutorial_interfaces/tutorial_interfaces/srv/detail/hypotenuse__rosidl_typesupport_introspection_cpp.hpp\n'}
[1.074692] (tutorial_interfaces) StdoutLine: {'line': b'-- Up-to-date: /home/alejandra/ros2_ws/install/tutorial_interfaces/include/tutorial_interfaces/tutorial_interfaces/srv/detail/hypotenuse__type_support.cpp\n'}
[1.074762] (tutorial_interfaces) StdoutLine: {'line': b'-- Up-to-date: /home/alejandra/ros2_ws/install/tutorial_interfaces/include/tutorial_interfaces/tutorial_interfaces/msg\n'}
[1.075096] (tutorial_interfaces) StdoutLine: {'line': b'-- Up-to-date: /home/alejandra/ros2_ws/install/tutorial_interfaces/include/tutorial_interfaces/tutorial_interfaces/msg/detail\n'}
[1.075575] (tutorial_interfaces) StdoutLine: {'line': b'-- Up-to-date: /home/alejandra/ros2_ws/install/tutorial_interfaces/include/tutorial_interfaces/tutorial_interfaces/msg/detail/num__rosidl_typesupport_introspection_cpp.hpp\n'}
[1.075795] (tutorial_interfaces) StdoutLine: {'line': b'-- Up-to-date: /home/alejandra/ros2_ws/install/tutorial_interfaces/include/tutorial_interfaces/tutorial_interfaces/msg/detail/num__type_support.cpp\n'}
[1.077453] (tutorial_interfaces) StdoutLine: {'line': b'-- Up-to-date: /home/alejandra/ros2_ws/install/tutorial_interfaces/lib/libtutorial_interfaces__rosidl_typesupport_introspection_cpp.so\n'}
[1.078936] (tutorial_interfaces) StdoutLine: {'line': b'-- Up-to-date: /home/alejandra/ros2_ws/install/tutorial_interfaces/lib/libtutorial_interfaces__rosidl_typesupport_cpp.so\n'}
[1.079346] (tutorial_interfaces) StdoutLine: {'line': b'-- Up-to-date: /home/alejandra/ros2_ws/install/tutorial_interfaces/share/tutorial_interfaces/environment/pythonpath.sh\n'}
[1.079426] (tutorial_interfaces) StdoutLine: {'line': b'-- Up-to-date: /home/alejandra/ros2_ws/install/tutorial_interfaces/share/tutorial_interfaces/environment/pythonpath.dsv\n'}
[1.079489] (tutorial_interfaces) StdoutLine: {'line': b'-- Up-to-date: /home/alejandra/ros2_ws/install/tutorial_interfaces/lib/python3.12/site-packages/tutorial_interfaces-0.0.0-py3.12.egg-info\n'}
[1.079568] (tutorial_interfaces) StdoutLine: {'line': b'-- Installing: /home/alejandra/ros2_ws/install/tutorial_interfaces/lib/python3.12/site-packages/tutorial_interfaces-0.0.0-py3.12.egg-info/top_level.txt\n'}
[1.080204] (tutorial_interfaces) StdoutLine: {'line': b'-- Installing: /home/alejandra/ros2_ws/install/tutorial_interfaces/lib/python3.12/site-packages/tutorial_interfaces-0.0.0-py3.12.egg-info/SOURCES.txt\n'}
[1.080718] (tutorial_interfaces) StdoutLine: {'line': b'-- Installing: /home/alejandra/ros2_ws/install/tutorial_interfaces/lib/python3.12/site-packages/tutorial_interfaces-0.0.0-py3.12.egg-info/PKG-INFO\n'}
[1.081220] (tutorial_interfaces) StdoutLine: {'line': b'-- Installing: /home/alejandra/ros2_ws/install/tutorial_interfaces/lib/python3.12/site-packages/tutorial_interfaces-0.0.0-py3.12.egg-info/dependency_links.txt\n'}
[1.081392] (tutorial_interfaces) StdoutLine: {'line': b'-- Up-to-date: /home/alejandra/ros2_ws/install/tutorial_interfaces/lib/python3.12/site-packages/tutorial_interfaces\n'}
[1.081585] (tutorial_interfaces) StdoutLine: {'line': b'-- Up-to-date: /home/alejandra/ros2_ws/install/tutorial_interfaces/lib/python3.12/site-packages/tutorial_interfaces/_tutorial_interfaces_s.ep.rosidl_typesupport_fastrtps_c.c\n'}
[1.081837] (tutorial_interfaces) StdoutLine: {'line': b'-- Up-to-date: /home/alejandra/ros2_ws/install/tutorial_interfaces/lib/python3.12/site-packages/tutorial_interfaces/action\n'}
[1.081978] (tutorial_interfaces) StdoutLine: {'line': b'-- Up-to-date: /home/alejandra/ros2_ws/install/tutorial_interfaces/lib/python3.12/site-packages/tutorial_interfaces/action/_fibonacci.py\n'}
[1.082105] (tutorial_interfaces) StdoutLine: {'line': b'-- Up-to-date: /home/alejandra/ros2_ws/install/tutorial_interfaces/lib/python3.12/site-packages/tutorial_interfaces/action/__init__.py\n'}
[1.082212] (tutorial_interfaces) StdoutLine: {'line': b'-- Up-to-date: /home/alejandra/ros2_ws/install/tutorial_interfaces/lib/python3.12/site-packages/tutorial_interfaces/action/_fibonacci_s.c\n'}
[1.082289] (tutorial_interfaces) StdoutLine: {'line': b'-- Up-to-date: /home/alejandra/ros2_ws/install/tutorial_interfaces/lib/python3.12/site-packages/tutorial_interfaces/tutorial_interfaces_s__rosidl_typesupport_fastrtps_c.so\n'}
[1.082369] (tutorial_interfaces) StdoutLine: {'line': b'-- Up-to-date: /home/alejandra/ros2_ws/install/tutorial_interfaces/lib/python3.12/site-packages/tutorial_interfaces/srv\n'}
[1.082447] (tutorial_interfaces) StdoutLine: {'line': b'-- Up-to-date: /home/alejandra/ros2_ws/install/tutorial_interfaces/lib/python3.12/site-packages/tutorial_interfaces/srv/_hypotenuse.py\n'}
[1.082524] (tutorial_interfaces) StdoutLine: {'line': b'-- Up-to-date: /home/alejandra/ros2_ws/install/tutorial_interfaces/lib/python3.12/site-packages/tutorial_interfaces/srv/__init__.py\n'}
[1.082593] (tutorial_interfaces) StdoutLine: {'line': b'-- Up-to-date: /home/alejandra/ros2_ws/install/tutorial_interfaces/lib/python3.12/site-packages/tutorial_interfaces/srv/_hypotenuse_s.c\n'}
[1.082663] (tutorial_interfaces) StdoutLine: {'line': b'-- Up-to-date: /home/alejandra/ros2_ws/install/tutorial_interfaces/lib/python3.12/site-packages/tutorial_interfaces/msg\n'}
[1.082732] (tutorial_interfaces) StdoutLine: {'line': b'-- Up-to-date: /home/alejandra/ros2_ws/install/tutorial_interfaces/lib/python3.12/site-packages/tutorial_interfaces/msg/_num_s.c\n'}
[1.082852] (tutorial_interfaces) StdoutLine: {'line': b'-- Up-to-date: /home/alejandra/ros2_ws/install/tutorial_interfaces/lib/python3.12/site-packages/tutorial_interfaces/msg/_num.py\n'}
[1.082921] (tutorial_interfaces) StdoutLine: {'line': b'-- Up-to-date: /home/alejandra/ros2_ws/install/tutorial_interfaces/lib/python3.12/site-packages/tutorial_interfaces/msg/__init__.py\n'}
[1.082983] (tutorial_interfaces) StdoutLine: {'line': b'-- Up-to-date: /home/alejandra/ros2_ws/install/tutorial_interfaces/lib/python3.12/site-packages/tutorial_interfaces/__init__.py\n'}
[1.083043] (tutorial_interfaces) StdoutLine: {'line': b'-- Up-to-date: /home/alejandra/ros2_ws/install/tutorial_interfaces/lib/python3.12/site-packages/tutorial_interfaces/_tutorial_interfaces_s.ep.rosidl_typesupport_introspection_c.c\n'}
[1.083110] (tutorial_interfaces) StdoutLine: {'line': b'-- Up-to-date: /home/alejandra/ros2_ws/install/tutorial_interfaces/lib/python3.12/site-packages/tutorial_interfaces/tutorial_interfaces_s__rosidl_typesupport_introspection_c.so\n'}
[1.083172] (tutorial_interfaces) StdoutLine: {'line': b'-- Up-to-date: /home/alejandra/ros2_ws/install/tutorial_interfaces/lib/python3.12/site-packages/tutorial_interfaces/_tutorial_interfaces_s.ep.rosidl_typesupport_c.c\n'}
[1.083234] (tutorial_interfaces) StdoutLine: {'line': b'-- Up-to-date: /home/alejandra/ros2_ws/install/tutorial_interfaces/lib/python3.12/site-packages/tutorial_interfaces/tutorial_interfaces_s__rosidl_typesupport_c.so\n'}
[1.100908] (-) TimerEvent: {}
[1.132094] (tutorial_interfaces) StdoutLine: {'line': b"Listing '/home/alejandra/ros2_ws/install/tutorial_interfaces/lib/python3.12/site-packages/tutorial_interfaces'...\n"}
[1.132326] (tutorial_interfaces) StdoutLine: {'line': b"Listing '/home/alejandra/ros2_ws/install/tutorial_interfaces/lib/python3.12/site-packages/tutorial_interfaces/action'...\n"}
[1.132405] (tutorial_interfaces) StdoutLine: {'line': b"Listing '/home/alejandra/ros2_ws/install/tutorial_interfaces/lib/python3.12/site-packages/tutorial_interfaces/msg'...\n"}
[1.132471] (tutorial_interfaces) StdoutLine: {'line': b"Listing '/home/alejandra/ros2_ws/install/tutorial_interfaces/lib/python3.12/site-packages/tutorial_interfaces/srv'...\n"}
[1.140298] (tutorial_interfaces) StdoutLine: {'line': b'-- Up-to-date: /home/alejandra/ros2_ws/install/tutorial_interfaces/lib/python3.12/site-packages/tutorial_interfaces/tutorial_interfaces_s__rosidl_typesupport_fastrtps_c.so\n'}
[1.142023] (tutorial_interfaces) StdoutLine: {'line': b'-- Up-to-date: /home/alejandra/ros2_ws/install/tutorial_interfaces/lib/python3.12/site-packages/tutorial_interfaces/tutorial_interfaces_s__rosidl_typesupport_introspection_c.so\n'}
[1.143426] (tutorial_interfaces) StdoutLine: {'line': b'-- Up-to-date: /home/alejandra/ros2_ws/install/tutorial_interfaces/lib/python3.12/site-packages/tutorial_interfaces/tutorial_interfaces_s__rosidl_typesupport_c.so\n'}
[1.145353] (tutorial_interfaces) StdoutLine: {'line': b'-- Up-to-date: /home/alejandra/ros2_ws/install/tutorial_interfaces/lib/libtutorial_interfaces__rosidl_generator_py.so\n'}
[1.145714] (tutorial_interfaces) StdoutLine: {'line': b'-- Up-to-date: /home/alejandra/ros2_ws/install/tutorial_interfaces/share/ament_index/resource_index/rust_packages/tutorial_interfaces\n'}
[1.146013] (tutorial_interfaces) StdoutLine: {'line': b'-- Up-to-date: /home/alejandra/ros2_ws/install/tutorial_interfaces/share/tutorial_interfaces/rust\n'}
[1.146462] (tutorial_interfaces) StdoutLine: {'line': b'-- Up-to-date: /home/alejandra/ros2_ws/install/tutorial_interfaces/share/tutorial_interfaces/rust/build.rs\n'}
[1.146736] (tutorial_interfaces) StdoutLine: {'line': b'-- Up-to-date: /home/alejandra/ros2_ws/install/tutorial_interfaces/share/tutorial_interfaces/rust/Cargo.toml\n'}
[1.146815] (tutorial_interfaces) StdoutLine: {'line': b'-- Up-to-date: /home/alejandra/ros2_ws/install/tutorial_interfaces/share/tutorial_interfaces/rust/src\n'}
[1.147069] (tutorial_interfaces) StdoutLine: {'line': b'-- Up-to-date: /home/alejandra/ros2_ws/install/tutorial_interfaces/share/tutorial_interfaces/rust/src/action\n'}
[1.147784] (tutorial_interfaces) StdoutLine: {'line': b'-- Up-to-date: /home/alejandra/ros2_ws/install/tutorial_interfaces/share/tutorial_interfaces/rust/src/action/rmw.rs\n'}
[1.148208] (tutorial_interfaces) StdoutLine: {'line': b'-- Up-to-date: /home/alejandra/ros2_ws/install/tutorial_interfaces/share/tutorial_interfaces/rust/src/srv.rs\n'}
[1.148290] (tutorial_interfaces) StdoutLine: {'line': b'-- Up-to-date: /home/alejandra/ros2_ws/install/tutorial_interfaces/share/tutorial_interfaces/rust/src/msg.rs\n'}
[1.148351] (tutorial_interfaces) StdoutLine: {'line': b'-- Up-to-date: /home/alejandra/ros2_ws/install/tutorial_interfaces/share/tutorial_interfaces/rust/src/srv\n'}
[1.148410] (tutorial_interfaces) StdoutLine: {'line': b'-- Up-to-date: /home/alejandra/ros2_ws/install/tutorial_interfaces/share/tutorial_interfaces/rust/src/srv/rmw.rs\n'}
[1.148468] (tutorial_interfaces) StdoutLine: {'line': b'-- Up-to-date: /home/alejandra/ros2_ws/install/tutorial_interfaces/share/tutorial_interfaces/rust/src/lib.rs\n'}
[1.148529] (tutorial_interfaces) StdoutLine: {'line': b'-- Up-to-date: /home/alejandra/ros2_ws/install/tutorial_interfaces/share/tutorial_interfaces/rust/src/msg\n'}
[1.148802] (tutorial_interfaces) StdoutLine: {'line': b'-- Up-to-date: /home/alejandra/ros2_ws/install/tutorial_interfaces/share/tutorial_interfaces/rust/src/msg/rmw.rs\n'}
[1.149352] (tutorial_interfaces) StdoutLine: {'line': b'-- Up-to-date: /home/alejandra/ros2_ws/install/tutorial_interfaces/share/tutorial_interfaces/rust/src/action.rs\n'}
[1.150189] (tutorial_interfaces) StdoutLine: {'line': b'-- Up-to-date: /home/alejandra/ros2_ws/install/tutorial_interfaces/share/tutorial_interfaces/msg/Num.idl\n'}
[1.150344] (tutorial_interfaces) StdoutLine: {'line': b'-- Up-to-date: /home/alejandra/ros2_ws/install/tutorial_interfaces/share/tutorial_interfaces/srv/Hypotenuse.idl\n'}
[1.150409] (tutorial_interfaces) StdoutLine: {'line': b'-- Up-to-date: /home/alejandra/ros2_ws/install/tutorial_interfaces/share/tutorial_interfaces/action/Fibonacci.idl\n'}
[1.150482] (tutorial_interfaces) StdoutLine: {'line': b'-- Up-to-date: /home/alejandra/ros2_ws/install/tutorial_interfaces/share/tutorial_interfaces/msg/Num.msg\n'}
[1.150543] (tutorial_interfaces) StdoutLine: {'line': b'-- Up-to-date: /home/alejandra/ros2_ws/install/tutorial_interfaces/share/tutorial_interfaces/srv/Hypotenuse.srv\n'}
[1.150605] (tutorial_interfaces) StdoutLine: {'line': b'-- Up-to-date: /home/alejandra/ros2_ws/install/tutorial_interfaces/share/tutorial_interfaces/action/Fibonacci.action\n'}
[1.150665] (tutorial_interfaces) StdoutLine: {'line': b'-- Up-to-date: /home/alejandra/ros2_ws/install/tutorial_interfaces/share/ament_index/resource_index/package_run_dependencies/tutorial_interfaces\n'}
[1.150731] (tutorial_interfaces) StdoutLine: {'line': b'-- Up-to-date: /home/alejandra/ros2_ws/install/tutorial_interfaces/share/ament_index/resource_index/parent_prefix_path/tutorial_interfaces\n'}
[1.150862] (tutorial_interfaces) StdoutLine: {'line': b'-- Up-to-date: /home/alejandra/ros2_ws/install/tutorial_interfaces/share/tutorial_interfaces/environment/ament_prefix_path.sh\n'}
[1.150946] (tutorial_interfaces) StdoutLine: {'line': b'-- Up-to-date: /home/alejandra/ros2_ws/install/tutorial_interfaces/share/tutorial_interfaces/environment/ament_prefix_path.dsv\n'}
[1.151007] (tutorial_interfaces) StdoutLine: {'line': b'-- Up-to-date: /home/alejandra/ros2_ws/install/tutorial_interfaces/share/tutorial_interfaces/environment/path.sh\n'}
[1.151068] (tutorial_interfaces) StdoutLine: {'line': b'-- Up-to-date: /home/alejandra/ros2_ws/install/tutorial_interfaces/share/tutorial_interfaces/environment/path.dsv\n'}
[1.151126] (tutorial_interfaces) StdoutLine: {'line': b'-- Up-to-date: /home/alejandra/ros2_ws/install/tutorial_interfaces/share/tutorial_interfaces/local_setup.bash\n'}
[1.151253] (tutorial_interfaces) StdoutLine: {'line': b'-- Up-to-date: /home/alejandra/ros2_ws/install/tutorial_interfaces/share/tutorial_interfaces/local_setup.sh\n'}
[1.151379] (tutorial_interfaces) StdoutLine: {'line': b'-- Up-to-date: /home/alejandra/ros2_ws/install/tutorial_interfaces/share/tutorial_interfaces/local_setup.zsh\n'}
[1.151773] (tutorial_interfaces) StdoutLine: {'line': b'-- Up-to-date: /home/alejandra/ros2_ws/install/tutorial_interfaces/share/tutorial_interfaces/local_setup.dsv\n'}
[1.152125] (tutorial_interfaces) StdoutLine: {'line': b'-- Installing: /home/alejandra/ros2_ws/install/tutorial_interfaces/share/tutorial_interfaces/package.dsv\n'}
[1.152208] (tutorial_interfaces) StdoutLine: {'line': b'-- Up-to-date: /home/alejandra/ros2_ws/install/tutorial_interfaces/share/ament_index/resource_index/packages/tutorial_interfaces\n'}
[1.153222] (tutorial_interfaces) StdoutLine: {'line': b'-- Up-to-date: /home/alejandra/ros2_ws/install/tutorial_interfaces/share/tutorial_interfaces/cmake/export_tutorial_interfaces__rosidl_generator_cExport.cmake\n'}
[1.153392] (tutorial_interfaces) StdoutLine: {'line': b'-- Up-to-date: /home/alejandra/ros2_ws/install/tutorial_interfaces/share/tutorial_interfaces/cmake/export_tutorial_interfaces__rosidl_generator_cExport-noconfig.cmake\n'}
[1.154510] (tutorial_interfaces) StdoutLine: {'line': b'-- Up-to-date: /home/alejandra/ros2_ws/install/tutorial_interfaces/share/tutorial_interfaces/cmake/export_tutorial_interfaces__rosidl_typesupport_fastrtps_cExport.cmake\n'}
[1.154682] (tutorial_interfaces) StdoutLine: {'line': b'-- Up-to-date: /home/alejandra/ros2_ws/install/tutorial_interfaces/share/tutorial_interfaces/cmake/export_tutorial_interfaces__rosidl_typesupport_fastrtps_cExport-noconfig.cmake\n'}
[1.155416] (tutorial_interfaces) StdoutLine: {'line': b'-- Up-to-date: /home/alejandra/ros2_ws/install/tutorial_interfaces/share/tutorial_interfaces/cmake/export_tutorial_interfaces__rosidl_generator_cppExport.cmake\n'}
[1.156330] (tutorial_interfaces) StdoutLine: {'line': b'-- Up-to-date: /home/alejandra/ros2_ws/install/tutorial_interfaces/share/tutorial_interfaces/cmake/export_tutorial_interfaces__rosidl_typesupport_fastrtps_cppExport.cmake\n'}
[1.156589] (tutorial_interfaces) StdoutLine: {'line': b'-- Up-to-date: /home/alejandra/ros2_ws/install/tutorial_interfaces/share/tutorial_interfaces/cmake/export_tutorial_interfaces__rosidl_typesupport_fastrtps_cppExport-noconfig.cmake\n'}
[1.157327] (tutorial_interfaces) StdoutLine: {'line': b'-- Up-to-date: /home/alejandra/ros2_ws/install/tutorial_interfaces/share/tutorial_interfaces/cmake/tutorial_interfaces__rosidl_typesupport_introspection_cExport.cmake\n'}
[1.157499] (tutorial_interfaces) StdoutLine: {'line': b'-- Up-to-date: /home/alejandra/ros2_ws/install/tutorial_interfaces/share/tutorial_interfaces/cmake/tutorial_interfaces__rosidl_typesupport_introspection_cExport-noconfig.cmake\n'}
[1.158294] (tutorial_interfaces) StdoutLine: {'line': b'-- Up-to-date: /home/alejandra/ros2_ws/install/tutorial_interfaces/share/tutorial_interfaces/cmake/tutorial_interfaces__rosidl_typesupport_cExport.cmake\n'}
[1.158454] (tutorial_interfaces) StdoutLine: {'line': b'-- Up-to-date: /home/alejandra/ros2_ws/install/tutorial_interfaces/share/tutorial_interfaces/cmake/tutorial_interfaces__rosidl_typesupport_cExport-noconfig.cmake\n'}
[1.159231] (tutorial_interfaces) StdoutLine: {'line': b'-- Up-to-date: /home/alejandra/ros2_ws/install/tutorial_interfaces/share/tutorial_interfaces/cmake/tutorial_interfaces__rosidl_typesupport_introspection_cppExport.cmake\n'}
[1.159404] (tutorial_interfaces) StdoutLine: {'line': b'-- Up-to-date: /home/alejandra/ros2_ws/install/tutorial_interfaces/share/tutorial_interfaces/cmake/tutorial_interfaces__rosidl_typesupport_introspection_cppExport-noconfig.cmake\n'}
[1.160395] (tutorial_interfaces) StdoutLine: {'line': b'-- Up-to-date: /home/alejandra/ros2_ws/install/tutorial_interfaces/share/tutorial_interfaces/cmake/tutorial_interfaces__rosidl_typesupport_cppExport.cmake\n'}
[1.161108] (tutorial_interfaces) StdoutLine: {'line': b'-- Up-to-date: /home/alejandra/ros2_ws/install/tutorial_interfaces/share/tutorial_interfaces/cmake/tutorial_interfaces__rosidl_typesupport_cppExport-noconfig.cmake\n'}
[1.161907] (tutorial_interfaces) StdoutLine: {'line': b'-- Up-to-date: /home/alejandra/ros2_ws/install/tutorial_interfaces/share/tutorial_interfaces/cmake/export_tutorial_interfaces__rosidl_generator_pyExport.cmake\n'}
[1.162313] (tutorial_interfaces) StdoutLine: {'line': b'-- Up-to-date: /home/alejandra/ros2_ws/install/tutorial_interfaces/share/tutorial_interfaces/cmake/export_tutorial_interfaces__rosidl_generator_pyExport-noconfig.cmake\n'}
[1.162877] (tutorial_interfaces) StdoutLine: {'line': b'-- Up-to-date: /home/alejandra/ros2_ws/install/tutorial_interfaces/share/tutorial_interfaces/cmake/rosidl_cmake-extras.cmake\n'}
[1.163251] (tutorial_interfaces) StdoutLine: {'line': b'-- Up-to-date: /home/alejandra/ros2_ws/install/tutorial_interfaces/share/tutorial_interfaces/cmake/ament_cmake_export_dependencies-extras.cmake\n'}
[1.163852] (tutorial_interfaces) StdoutLine: {'line': b'-- Up-to-date: /home/alejandra/ros2_ws/install/tutorial_interfaces/share/tutorial_interfaces/cmake/ament_cmake_export_include_directories-extras.cmake\n'}
[1.164284] (tutorial_interfaces) StdoutLine: {'line': b'-- Up-to-date: /home/alejandra/ros2_ws/install/tutorial_interfaces/share/tutorial_interfaces/cmake/ament_cmake_export_libraries-extras.cmake\n'}
[1.164374] (tutorial_interfaces) StdoutLine: {'line': b'-- Up-to-date: /home/alejandra/ros2_ws/install/tutorial_interfaces/share/tutorial_interfaces/cmake/ament_cmake_export_targets-extras.cmake\n'}
[1.164452] (tutorial_interfaces) StdoutLine: {'line': b'-- Up-to-date: /home/alejandra/ros2_ws/install/tutorial_interfaces/share/tutorial_interfaces/cmake/rosidl_cmake_export_typesupport_targets-extras.cmake\n'}
[1.164520] (tutorial_interfaces) StdoutLine: {'line': b'-- Up-to-date: /home/alejandra/ros2_ws/install/tutorial_interfaces/share/tutorial_interfaces/cmake/rosidl_cmake_export_typesupport_libraries-extras.cmake\n'}
[1.164586] (tutorial_interfaces) StdoutLine: {'line': b'-- Up-to-date: /home/alejandra/ros2_ws/install/tutorial_interfaces/share/tutorial_interfaces/cmake/rosidl_cmake_aggregate_target-extras.cmake\n'}
[1.164655] (tutorial_interfaces) StdoutLine: {'line': b'-- Up-to-date: /home/alejandra/ros2_ws/install/tutorial_interfaces/share/tutorial_interfaces/cmake/tutorial_interfacesConfig.cmake\n'}
[1.164760] (tutorial_interfaces) StdoutLine: {'line': b'-- Up-to-date: /home/alejandra/ros2_ws/install/tutorial_interfaces/share/tutorial_interfaces/cmake/tutorial_interfacesConfig-version.cmake\n'}
[1.164908] (tutorial_interfaces) StdoutLine: {'line': b'-- Up-to-date: /home/alejandra/ros2_ws/install/tutorial_interfaces/share/tutorial_interfaces/package.xml\n'}
[1.166781] (tutorial_interfaces) CommandEnded: {'returncode': 0}
[1.200979] (-) TimerEvent: {}
[1.214471] (tutorial_interfaces) JobEnded: {'identifier': 'tutorial_interfaces', 'rc': 0}
[1.216540] (py_action) JobStarted: {'identifier': 'py_action'}
[1.223801] (py_srvcli) JobStarted: {'identifier': 'py_srvcli'}
[1.231788] (turtlesim_control) JobStarted: {'identifier': 'turtlesim_control'}
[1.301118] (-) TimerEvent: {}
[1.401454] (-) TimerEvent: {}
[1.502017] (-) TimerEvent: {}
[1.602958] (-) TimerEvent: {}
[1.703471] (-) TimerEvent: {}
[1.804531] (-) TimerEvent: {}
[1.905250] (-) TimerEvent: {}
[2.005914] (-) TimerEvent: {}
[2.107067] (-) TimerEvent: {}
[2.207747] (-) TimerEvent: {}
[2.308388] (-) TimerEvent: {}
[2.409045] (-) TimerEvent: {}
[2.482972] (my_robot_launch) Command: {'cmd': ['/usr/bin/python3', '-W', 'ignore:setup.py install is deprecated', '-W', 'ignore:easy_install command is deprecated', 'setup.py', 'egg_info', '--egg-base', '../../build/my_robot_launch', 'build', '--build-base', '/home/alejandra/ros2_ws/build/my_robot_launch/build', 'install', '--record', '/home/alejandra/ros2_ws/build/my_robot_launch/install.log', '--install-scripts', '$base/lib/my_robot_launch', '--single-version-externally-managed', 'install_data'], 'cwd': '/home/alejandra/ros2_ws/src/my_robot_launch', 'env': {'LESSOPEN': '| /usr/bin/lesspipe %s', 'GZ_SIM_RESOURCE_PATH': '/opt/ros/jazzy/share', 'USER': 'alejandra', 'GZ_CONFIG_PATH': '/opt/ros/jazzy/opt/gz_sim_vendor/share/gz:/opt/ros/jazzy/opt/sdformat_vendor/share/gz:/opt/ros/jazzy/opt/gz_gui_vendor/share/gz:/opt/ros/jazzy/opt/gz_transport_vendor/share/gz:/opt/ros/jazzy/opt/gz_rendering_vendor/share/gz:/opt/ros/jazzy/opt/gz_plugin_vendor/share/gz:/opt/ros/jazzy/opt/gz_fuel_tools_vendor/share/gz:/opt/ros/jazzy/opt/gz_msgs_vendor/share/gz:/opt/ros/jazzy/opt/gz_common_vendor/share/gz', 'GIT_ASKPASS': '/home/alejandra/.vscode-server/bin/645f29cc3176500b4b5762ba887cf2a7f0ffdf2c/extensions/git/dist/askpass.sh', 'SHLVL': '2', 'LD_LIBRARY_PATH': '/opt/ros/jazzy/opt/gz_sim_vendor/lib:/opt/ros/jazzy/opt/gz_sensors_vendor/lib:/opt/ros/jazzy/opt/gz_physics_vendor/lib:/opt/ros/jazzy/opt/sdformat_vendor/lib:/opt/ros/jazzy/opt/rviz_ogre_vendor/lib:/opt/ros/jazzy/lib/x86_64-linux-gnu:/opt/ros/jazzy/opt/gz_gui_vendor/lib:/opt/ros/jazzy/opt/gz_transport_vendor/lib:/opt/ros/jazzy/opt/gz_rendering_vendor/lib:/opt/ros/jazzy/opt/gz_plugin_vendor/lib:/opt/ros/jazzy/opt/gz_fuel_tools_vendor/lib:/opt/ros/jazzy/opt/gz_msgs_vendor/lib:/opt/ros/jazzy/opt/gz_common_vendor/lib:/opt/ros/jazzy/opt/gz_math_vendor/lib:/opt/ros/jazzy/opt/gz_utils_vendor/lib:/opt/ros/jazzy/opt/gz_tools_vendor/lib:/opt/ros/jazzy/opt/gz_ogre_next_vendor/lib:/opt/ros/jazzy/opt/gz_dartsim_vendor/lib:/opt/ros/jazzy/opt/gz_cmake_vendor/lib:/opt/ros/jazzy/lib', 'MOTD_SHOWN': 'update-motd', 'HOME': '/home/alejandra', 'OLDPWD': '/home/alejandra/ros2_ws/src/my_robot_launch', 'TERM_PROGRAM_VERSION': '1.137.0', 'VSCODE_IPC_HOOK_CLI': '/run/user/1000/vscode-ipc-11d74f31-1347-4b18-98cf-144642d45944.sock', 'ROS_PYTHON_VERSION': '3', 'VSCODE_GIT_ASKPASS_MAIN': '/home/alejandra/.vscode-server/bin/645f29cc3176500b4b5762ba887cf2a7f0ffdf2c/extensions/git/dist/askpass-main.js', 'VSCODE_GIT_ASKPASS_NODE': '/home/alejandra/.vscode-server/bin/645f29cc3176500b4b5762ba887cf2a7f0ffdf2c/node', 'VSCODE_PYTHON_AUTOACTIVATE_GUARD': '1', 'DBUS_SESSION_BUS_ADDRESS': 'unix:path=/run/user/1000/bus', 'COLORTERM': 'truecolor', 'WSL_DISTRO_NAME': 'Ubuntu', 'DEBUGINFOD_URLS': 'https://debuginfod.ubuntu.com', 'WAYLAND_DISPLAY': 'wayland-0', 'ROS_DISTRO': 'jazzy', 'LOGNAME': 'alejandra', 'NAME': 'Code', 'WSL_INTEROP': '/run/WSL/65119_interop', 'PULSE_SERVER': 'unix:/mnt/wslg/PulseServer', '_': '/usr/bin/colcon', 'ROS_VERSION': '2', 'TERM': 'xterm-256color', 'PATH': '/home/alejandra/.vscode-server/bin/645f29cc3176500b4b5762ba887cf2a7f0ffdf2c/bin/remote-cli:/opt/ros/jazzy/opt/gz_msgs_vendor/bin:/opt/ros/jazzy/opt/gz_tools_vendor/bin:/opt/ros/jazzy/opt/gz_ogre_next_vendor/bin:/opt/ros/jazzy/bin:/usr/local/sbin:/usr/local/bin:/usr/sbin:/usr/bin:/sbin:/bin:/usr/games:/usr/local/games:/usr/lib/wsl/lib:/mnt/c/Program Files (x86)/Common Files/Oracle/Java/java8path:/mnt/c/Program Files (x86)/Common Files/Oracle/Java/javapath:/mnt/c/WINDOWS/system32:/mnt/c/WINDOWS:/mnt/c/WINDOWS/System32/Wbem:/mnt/c/WINDOWS/System32/WindowsPowerShell/v1.0/:/mnt/c/WINDOWS/System32/OpenSSH/:/mnt/c/Program Files (x86)/PowerShell/7/:/mnt/c/ProgramData/chocolatey/bin:/mnt/c/Program Files/Microchip/xc-dsc/v3.21/bin:/mnt/c/Program Files/Microchip/xc16/v2.10/bin:/mnt/c/Program Files/Git/cmd:/mnt/c/Program Files/dotnet/:/mnt/c/Program Files/usbipd-win/:/mnt/c/Program Files/MATLAB/R2026a/bin:/mnt/c/Users/aleja/AppData/Local/Programs/oh-my-posh/bin/:/mnt/c/Users/aleja/AppData/Local/Programs/Python/Launcher/:/mnt/c/Users/aleja/AppData/Local/Microsoft/WindowsApps:/mnt/c/Users/aleja/AppData/Local/Programs/Microsoft VS Code/bin:/mnt/c/Users/aleja/AppData/Local/Programs/MiKTeX/miktex/bin/x64/:/mnt/c/Users/aleja/AppData/Local/Microsoft/WinGet/Packages/JernejSimoncic.Wget_Microsoft.Winget.Source_8wekyb3d8bbwe:/mnt/c/Users/aleja/AppData/Local/spicetify:/mnt/c/Users/aleja/OneDrive/Escritorio/MikTex/miktex/bin/x64/:/snap/bin', 'XDG_RUNTIME_DIR': '/run/user/1000/', 'DISPLAY': ':0', 'LANG': 'en_US.UTF-8', 'LS_COLORS': 'rs=0:di=01;34:ln=01;36:mh=00:pi=40;33:so=01;35:do=01;35:bd=40;33;01:cd=40;33;01:or=40;31;01:mi=00:su=37;41:sg=30;43:ca=00:tw=30;42:ow=34;42:st=37;44:ex=01;32:*.tar=01;31:*.tgz=01;31:*.arc=01;31:*.arj=01;31:*.taz=01;31:*.lha=01;31:*.lz4=01;31:*.lzh=01;31:*.lzma=01;31:*.tlz=01;31:*.txz=01;31:*.tzo=01;31:*.t7z=01;31:*.zip=01;31:*.z=01;31:*.dz=01;31:*.gz=01;31:*.lrz=01;31:*.lz=01;31:*.lzo=01;31:*.xz=01;31:*.zst=01;31:*.tzst=01;31:*.bz2=01;31:*.bz=01;31:*.tbz=01;31:*.tbz2=01;31:*.tz=01;31:*.deb=01;31:*.rpm=01;31:*.jar=01;31:*.war=01;31:*.ear=01;31:*.sar=01;31:*.rar=01;31:*.alz=01;31:*.ace=01;31:*.zoo=01;31:*.cpio=01;31:*.7z=01;31:*.rz=01;31:*.cab=01;31:*.wim=01;31:*.swm=01;31:*.dwm=01;31:*.esd=01;31:*.avif=01;35:*.jpg=01;35:*.jpeg=01;35:*.mjpg=01;35:*.mjpeg=01;35:*.gif=01;35:*.bmp=01;35:*.pbm=01;35:*.pgm=01;35:*.ppm=01;35:*.tga=01;35:*.xbm=01;35:*.xpm=01;35:*.tif=01;35:*.tiff=01;35:*.png=01;35:*.svg=01;35:*.svgz=01;35:*.mng=01;35:*.pcx=01;35:*.mov=01;35:*.mpg=01;35:*.mpeg=01;35:*.m2v=01;35:*.mkv=01;35:*.webm=01;35:*.webp=01;35:*.ogm=01;35:*.mp4=01;35:*.m4v=01;35:*.mp4v=01;35:*.vob=01;35:*.qt=01;35:*.nuv=01;35:*.wmv=01;35:*.asf=01;35:*.rm=01;35:*.rmvb=01;35:*.flc=01;35:*.avi=01;35:*.fli=01;35:*.flv=01;35:*.gl=01;35:*.dl=01;35:*.xcf=01;35:*.xwd=01;35:*.yuv=01;35:*.cgm=01;35:*.emf=01;35:*.ogv=01;35:*.ogx=01;35:*.aac=00;36:*.au=00;36:*.flac=00;36:*.m4a=00;36:*.mid=00;36:*.midi=00;36:*.mka=00;36:*.mp3=00;36:*.mpc=00;36:*.ogg=00;36:*.ra=00;36:*.wav=00;36:*.oga=00;36:*.opus=00;36:*.spx=00;36:*.xspf=00;36:*~=00;90:*#=00;90:*.bak=00;90:*.crdownload=00;90:*.dpkg-dist=00;90:*.dpkg-new=00;90:*.dpkg-old=00;90:*.dpkg-tmp=00;90:*.old=00;90:*.orig=00;90:*.part=00;90:*.rej=00;90:*.rpmnew=00;90:*.rpmorig=00;90:*.rpmsave=00;90:*.swp=00;90:*.tmp=00;90:*.ucf-dist=00;90:*.ucf-new=00;90:*.ucf-old=00;90:', 'VSCODE_GIT_IPC_HANDLE': '/run/user/1000/vscode-git-8bff9a6284.sock', 'TERM_PROGRAM': 'vscode', 'AMENT_PREFIX_PATH': '/opt/ros/jazzy', 'SHELL': '/bin/bash', 'LESSCLOSE': '/usr/bin/lesspipe %s %s', 'ROS_AUTOMATIC_DISCOVERY_RANGE': 'SUBNET', 'VSCODE_GIT_ASKPASS_EXTRA_ARGS': '', 'PWD': '/home/alejandra/ros2_ws/build/my_robot_launch', 'XDG_DATA_DIRS': '/usr/local/share:/usr/share:/var/lib/snapd/desktop', 'PYTHONPATH': '/home/alejandra/ros2_ws/build/my_robot_launch/prefix_override:/usr/lib/python3/dist-packages/colcon_core/task/python/colcon_distutils_commands:/home/alejandra/ros2_ws/install/my_robot_launch/lib/python3.12/site-packages:/opt/ros/jazzy/lib/python3.12/site-packages', 'COLCON': '1', 'WSL2_GUI_APPS_ENABLED': '1', 'HOSTTYPE': 'x86_64', 'CMAKE_PREFIX_PATH': '/opt/ros/jazzy/opt/gz_sim_vendor:/opt/ros/jazzy/opt/gz_sensors_vendor:/opt/ros/jazzy/opt/gz_physics_vendor:/opt/ros/jazzy/opt/sdformat_vendor:/opt/ros/jazzy/opt/gz_gui_vendor:/opt/ros/jazzy/opt/gz_transport_vendor:/opt/ros/jazzy/opt/gz_rendering_vendor:/opt/ros/jazzy/opt/gz_plugin_vendor:/opt/ros/jazzy/opt/gz_fuel_tools_vendor:/opt/ros/jazzy/opt/gz_msgs_vendor:/opt/ros/jazzy/opt/gz_common_vendor:/opt/ros/jazzy/opt/gz_math_vendor:/opt/ros/jazzy/opt/gz_utils_vendor:/opt/ros/jazzy/opt/gz_tools_vendor:/opt/ros/jazzy/opt/gz_ogre_next_vendor:/opt/ros/jazzy/opt/gz_dartsim_vendor:/opt/ros/jazzy/opt/gz_cmake_vendor', 'WSLENV': 'ELECTRON_RUN_AS_NODE/w:'}, 'shell': False}
[2.490050] (mi_primer_paquete) Command: {'cmd': ['/usr/bin/python3', '-W', 'ignore:setup.py install is deprecated', '-W', 'ignore:easy_install command is deprecated', 'setup.py', 'egg_info', '--egg-base', '../../build/mi_primer_paquete', 'build', '--build-base', '/home/alejandra/ros2_ws/build/mi_primer_paquete/build', 'install', '--record', '/home/alejandra/ros2_ws/build/mi_primer_paquete/install.log', '--install-scripts', '$base/lib/mi_primer_paquete', '--single-version-externally-managed', 'install_data'], 'cwd': '/home/alejandra/ros2_ws/src/mi_primer_paquete', 'env': {'LESSOPEN': '| /usr/bin/lesspipe %s', 'GZ_SIM_RESOURCE_PATH': '/opt/ros/jazzy/share', 'USER': 'alejandra', 'GZ_CONFIG_PATH': '/opt/ros/jazzy/opt/gz_sim_vendor/share/gz:/opt/ros/jazzy/opt/sdformat_vendor/share/gz:/opt/ros/jazzy/opt/gz_gui_vendor/share/gz:/opt/ros/jazzy/opt/gz_transport_vendor/share/gz:/opt/ros/jazzy/opt/gz_rendering_vendor/share/gz:/opt/ros/jazzy/opt/gz_plugin_vendor/share/gz:/opt/ros/jazzy/opt/gz_fuel_tools_vendor/share/gz:/opt/ros/jazzy/opt/gz_msgs_vendor/share/gz:/opt/ros/jazzy/opt/gz_common_vendor/share/gz', 'GIT_ASKPASS': '/home/alejandra/.vscode-server/bin/645f29cc3176500b4b5762ba887cf2a7f0ffdf2c/extensions/git/dist/askpass.sh', 'SHLVL': '2', 'LD_LIBRARY_PATH': '/opt/ros/jazzy/opt/gz_sim_vendor/lib:/opt/ros/jazzy/opt/gz_sensors_vendor/lib:/opt/ros/jazzy/opt/gz_physics_vendor/lib:/opt/ros/jazzy/opt/sdformat_vendor/lib:/opt/ros/jazzy/opt/rviz_ogre_vendor/lib:/opt/ros/jazzy/lib/x86_64-linux-gnu:/opt/ros/jazzy/opt/gz_gui_vendor/lib:/opt/ros/jazzy/opt/gz_transport_vendor/lib:/opt/ros/jazzy/opt/gz_rendering_vendor/lib:/opt/ros/jazzy/opt/gz_plugin_vendor/lib:/opt/ros/jazzy/opt/gz_fuel_tools_vendor/lib:/opt/ros/jazzy/opt/gz_msgs_vendor/lib:/opt/ros/jazzy/opt/gz_common_vendor/lib:/opt/ros/jazzy/opt/gz_math_vendor/lib:/opt/ros/jazzy/opt/gz_utils_vendor/lib:/opt/ros/jazzy/opt/gz_tools_vendor/lib:/opt/ros/jazzy/opt/gz_ogre_next_vendor/lib:/opt/ros/jazzy/opt/gz_dartsim_vendor/lib:/opt/ros/jazzy/opt/gz_cmake_vendor/lib:/opt/ros/jazzy/lib', 'MOTD_SHOWN': 'update-motd', 'HOME': '/home/alejandra', 'OLDPWD': '/home/alejandra/ros2_ws/src/my_robot_launch', 'TERM_PROGRAM_VERSION': '1.137.0', 'VSCODE_IPC_HOOK_CLI': '/run/user/1000/vscode-ipc-11d74f31-1347-4b18-98cf-144642d45944.sock', 'ROS_PYTHON_VERSION': '3', 'VSCODE_GIT_ASKPASS_MAIN': '/home/alejandra/.vscode-server/bin/645f29cc3176500b4b5762ba887cf2a7f0ffdf2c/extensions/git/dist/askpass-main.js', 'VSCODE_GIT_ASKPASS_NODE': '/home/alejandra/.vscode-server/bin/645f29cc3176500b4b5762ba887cf2a7f0ffdf2c/node', 'VSCODE_PYTHON_AUTOACTIVATE_GUARD': '1', 'DBUS_SESSION_BUS_ADDRESS': 'unix:path=/run/user/1000/bus', 'COLORTERM': 'truecolor', 'WSL_DISTRO_NAME': 'Ubuntu', 'DEBUGINFOD_URLS': 'https://debuginfod.ubuntu.com', 'WAYLAND_DISPLAY': 'wayland-0', 'ROS_DISTRO': 'jazzy', 'LOGNAME': 'alejandra', 'NAME': 'Code', 'WSL_INTEROP': '/run/WSL/65119_interop', 'PULSE_SERVER': 'unix:/mnt/wslg/PulseServer', '_': '/usr/bin/colcon', 'ROS_VERSION': '2', 'TERM': 'xterm-256color', 'PATH': '/home/alejandra/.vscode-server/bin/645f29cc3176500b4b5762ba887cf2a7f0ffdf2c/bin/remote-cli:/opt/ros/jazzy/opt/gz_msgs_vendor/bin:/opt/ros/jazzy/opt/gz_tools_vendor/bin:/opt/ros/jazzy/opt/gz_ogre_next_vendor/bin:/opt/ros/jazzy/bin:/usr/local/sbin:/usr/local/bin:/usr/sbin:/usr/bin:/sbin:/bin:/usr/games:/usr/local/games:/usr/lib/wsl/lib:/mnt/c/Program Files (x86)/Common Files/Oracle/Java/java8path:/mnt/c/Program Files (x86)/Common Files/Oracle/Java/javapath:/mnt/c/WINDOWS/system32:/mnt/c/WINDOWS:/mnt/c/WINDOWS/System32/Wbem:/mnt/c/WINDOWS/System32/WindowsPowerShell/v1.0/:/mnt/c/WINDOWS/System32/OpenSSH/:/mnt/c/Program Files (x86)/PowerShell/7/:/mnt/c/ProgramData/chocolatey/bin:/mnt/c/Program Files/Microchip/xc-dsc/v3.21/bin:/mnt/c/Program Files/Microchip/xc16/v2.10/bin:/mnt/c/Program Files/Git/cmd:/mnt/c/Program Files/dotnet/:/mnt/c/Program Files/usbipd-win/:/mnt/c/Program Files/MATLAB/R2026a/bin:/mnt/c/Users/aleja/AppData/Local/Programs/oh-my-posh/bin/:/mnt/c/Users/aleja/AppData/Local/Programs/Python/Launcher/:/mnt/c/Users/aleja/AppData/Local/Microsoft/WindowsApps:/mnt/c/Users/aleja/AppData/Local/Programs/Microsoft VS Code/bin:/mnt/c/Users/aleja/AppData/Local/Programs/MiKTeX/miktex/bin/x64/:/mnt/c/Users/aleja/AppData/Local/Microsoft/WinGet/Packages/JernejSimoncic.Wget_Microsoft.Winget.Source_8wekyb3d8bbwe:/mnt/c/Users/aleja/AppData/Local/spicetify:/mnt/c/Users/aleja/OneDrive/Escritorio/MikTex/miktex/bin/x64/:/snap/bin', 'XDG_RUNTIME_DIR': '/run/user/1000/', 'DISPLAY': ':0', 'LANG': 'en_US.UTF-8', 'LS_COLORS': 'rs=0:di=01;34:ln=01;36:mh=00:pi=40;33:so=01;35:do=01;35:bd=40;33;01:cd=40;33;01:or=40;31;01:mi=00:su=37;41:sg=30;43:ca=00:tw=30;42:ow=34;42:st=37;44:ex=01;32:*.tar=01;31:*.tgz=01;31:*.arc=01;31:*.arj=01;31:*.taz=01;31:*.lha=01;31:*.lz4=01;31:*.lzh=01;31:*.lzma=01;31:*.tlz=01;31:*.txz=01;31:*.tzo=01;31:*.t7z=01;31:*.zip=01;31:*.z=01;31:*.dz=01;31:*.gz=01;31:*.lrz=01;31:*.lz=01;31:*.lzo=01;31:*.xz=01;31:*.zst=01;31:*.tzst=01;31:*.bz2=01;31:*.bz=01;31:*.tbz=01;31:*.tbz2=01;31:*.tz=01;31:*.deb=01;31:*.rpm=01;31:*.jar=01;31:*.war=01;31:*.ear=01;31:*.sar=01;31:*.rar=01;31:*.alz=01;31:*.ace=01;31:*.zoo=01;31:*.cpio=01;31:*.7z=01;31:*.rz=01;31:*.cab=01;31:*.wim=01;31:*.swm=01;31:*.dwm=01;31:*.esd=01;31:*.avif=01;35:*.jpg=01;35:*.jpeg=01;35:*.mjpg=01;35:*.mjpeg=01;35:*.gif=01;35:*.bmp=01;35:*.pbm=01;35:*.pgm=01;35:*.ppm=01;35:*.tga=01;35:*.xbm=01;35:*.xpm=01;35:*.tif=01;35:*.tiff=01;35:*.png=01;35:*.svg=01;35:*.svgz=01;35:*.mng=01;35:*.pcx=01;35:*.mov=01;35:*.mpg=01;35:*.mpeg=01;35:*.m2v=01;35:*.mkv=01;35:*.webm=01;35:*.webp=01;35:*.ogm=01;35:*.mp4=01;35:*.m4v=01;35:*.mp4v=01;35:*.vob=01;35:*.qt=01;35:*.nuv=01;35:*.wmv=01;35:*.asf=01;35:*.rm=01;35:*.rmvb=01;35:*.flc=01;35:*.avi=01;35:*.fli=01;35:*.flv=01;35:*.gl=01;35:*.dl=01;35:*.xcf=01;35:*.xwd=01;35:*.yuv=01;35:*.cgm=01;35:*.emf=01;35:*.ogv=01;35:*.ogx=01;35:*.aac=00;36:*.au=00;36:*.flac=00;36:*.m4a=00;36:*.mid=00;36:*.midi=00;36:*.mka=00;36:*.mp3=00;36:*.mpc=00;36:*.ogg=00;36:*.ra=00;36:*.wav=00;36:*.oga=00;36:*.opus=00;36:*.spx=00;36:*.xspf=00;36:*~=00;90:*#=00;90:*.bak=00;90:*.crdownload=00;90:*.dpkg-dist=00;90:*.dpkg-new=00;90:*.dpkg-old=00;90:*.dpkg-tmp=00;90:*.old=00;90:*.orig=00;90:*.part=00;90:*.rej=00;90:*.rpmnew=00;90:*.rpmorig=00;90:*.rpmsave=00;90:*.swp=00;90:*.tmp=00;90:*.ucf-dist=00;90:*.ucf-new=00;90:*.ucf-old=00;90:', 'VSCODE_GIT_IPC_HANDLE': '/run/user/1000/vscode-git-8bff9a6284.sock', 'TERM_PROGRAM': 'vscode', 'AMENT_PREFIX_PATH': '/opt/ros/jazzy', 'SHELL': '/bin/bash', 'LESSCLOSE': '/usr/bin/lesspipe %s %s', 'ROS_AUTOMATIC_DISCOVERY_RANGE': 'SUBNET', 'VSCODE_GIT_ASKPASS_EXTRA_ARGS': '', 'PWD': '/home/alejandra/ros2_ws/build/mi_primer_paquete', 'XDG_DATA_DIRS': '/usr/local/share:/usr/share:/var/lib/snapd/desktop', 'PYTHONPATH': '/home/alejandra/ros2_ws/build/mi_primer_paquete/prefix_override:/usr/lib/python3/dist-packages/colcon_core/task/python/colcon_distutils_commands:/home/alejandra/ros2_ws/install/mi_primer_paquete/lib/python3.12/site-packages:/opt/ros/jazzy/lib/python3.12/site-packages', 'COLCON': '1', 'WSL2_GUI_APPS_ENABLED': '1', 'HOSTTYPE': 'x86_64', 'CMAKE_PREFIX_PATH': '/opt/ros/jazzy/opt/gz_sim_vendor:/opt/ros/jazzy/opt/gz_sensors_vendor:/opt/ros/jazzy/opt/gz_physics_vendor:/opt/ros/jazzy/opt/sdformat_vendor:/opt/ros/jazzy/opt/gz_gui_vendor:/opt/ros/jazzy/opt/gz_transport_vendor:/opt/ros/jazzy/opt/gz_rendering_vendor:/opt/ros/jazzy/opt/gz_plugin_vendor:/opt/ros/jazzy/opt/gz_fuel_tools_vendor:/opt/ros/jazzy/opt/gz_msgs_vendor:/opt/ros/jazzy/opt/gz_common_vendor:/opt/ros/jazzy/opt/gz_math_vendor:/opt/ros/jazzy/opt/gz_utils_vendor:/opt/ros/jazzy/opt/gz_tools_vendor:/opt/ros/jazzy/opt/gz_ogre_next_vendor:/opt/ros/jazzy/opt/gz_dartsim_vendor:/opt/ros/jazzy/opt/gz_cmake_vendor', 'WSLENV': 'ELECTRON_RUN_AS_NODE/w:'}, 'shell': False}
[2.495657] (turtlesim_control_pkg) Command: {'cmd': ['/usr/bin/python3', '-W', 'ignore:setup.py install is deprecated', '-W', 'ignore:easy_install command is deprecated', 'setup.py', 'egg_info', '--egg-base', '../../build/turtlesim_control_pkg', 'build', '--build-base', '/home/alejandra/ros2_ws/build/turtlesim_control_pkg/build', 'install', '--record', '/home/alejandra/ros2_ws/build/turtlesim_control_pkg/install.log', '--install-scripts', '$base/lib/turtlesim_control_pkg', '--single-version-externally-managed', 'install_data'], 'cwd': '/home/alejandra/ros2_ws/src/turtlesim_control_pkg', 'env': {'LESSOPEN': '| /usr/bin/lesspipe %s', 'GZ_SIM_RESOURCE_PATH': '/opt/ros/jazzy/share', 'USER': 'alejandra', 'GZ_CONFIG_PATH': '/opt/ros/jazzy/opt/gz_sim_vendor/share/gz:/opt/ros/jazzy/opt/sdformat_vendor/share/gz:/opt/ros/jazzy/opt/gz_gui_vendor/share/gz:/opt/ros/jazzy/opt/gz_transport_vendor/share/gz:/opt/ros/jazzy/opt/gz_rendering_vendor/share/gz:/opt/ros/jazzy/opt/gz_plugin_vendor/share/gz:/opt/ros/jazzy/opt/gz_fuel_tools_vendor/share/gz:/opt/ros/jazzy/opt/gz_msgs_vendor/share/gz:/opt/ros/jazzy/opt/gz_common_vendor/share/gz', 'GIT_ASKPASS': '/home/alejandra/.vscode-server/bin/645f29cc3176500b4b5762ba887cf2a7f0ffdf2c/extensions/git/dist/askpass.sh', 'SHLVL': '2', 'LD_LIBRARY_PATH': '/opt/ros/jazzy/opt/gz_sim_vendor/lib:/opt/ros/jazzy/opt/gz_sensors_vendor/lib:/opt/ros/jazzy/opt/gz_physics_vendor/lib:/opt/ros/jazzy/opt/sdformat_vendor/lib:/opt/ros/jazzy/opt/rviz_ogre_vendor/lib:/opt/ros/jazzy/lib/x86_64-linux-gnu:/opt/ros/jazzy/opt/gz_gui_vendor/lib:/opt/ros/jazzy/opt/gz_transport_vendor/lib:/opt/ros/jazzy/opt/gz_rendering_vendor/lib:/opt/ros/jazzy/opt/gz_plugin_vendor/lib:/opt/ros/jazzy/opt/gz_fuel_tools_vendor/lib:/opt/ros/jazzy/opt/gz_msgs_vendor/lib:/opt/ros/jazzy/opt/gz_common_vendor/lib:/opt/ros/jazzy/opt/gz_math_vendor/lib:/opt/ros/jazzy/opt/gz_utils_vendor/lib:/opt/ros/jazzy/opt/gz_tools_vendor/lib:/opt/ros/jazzy/opt/gz_ogre_next_vendor/lib:/opt/ros/jazzy/opt/gz_dartsim_vendor/lib:/opt/ros/jazzy/opt/gz_cmake_vendor/lib:/opt/ros/jazzy/lib', 'MOTD_SHOWN': 'update-motd', 'HOME': '/home/alejandra', 'OLDPWD': '/home/alejandra/ros2_ws/src/my_robot_launch', 'TERM_PROGRAM_VERSION': '1.137.0', 'VSCODE_IPC_HOOK_CLI': '/run/user/1000/vscode-ipc-11d74f31-1347-4b18-98cf-144642d45944.sock', 'ROS_PYTHON_VERSION': '3', 'VSCODE_GIT_ASKPASS_MAIN': '/home/alejandra/.vscode-server/bin/645f29cc3176500b4b5762ba887cf2a7f0ffdf2c/extensions/git/dist/askpass-main.js', 'VSCODE_GIT_ASKPASS_NODE': '/home/alejandra/.vscode-server/bin/645f29cc3176500b4b5762ba887cf2a7f0ffdf2c/node', 'VSCODE_PYTHON_AUTOACTIVATE_GUARD': '1', 'DBUS_SESSION_BUS_ADDRESS': 'unix:path=/run/user/1000/bus', 'COLORTERM': 'truecolor', 'WSL_DISTRO_NAME': 'Ubuntu', 'DEBUGINFOD_URLS': 'https://debuginfod.ubuntu.com', 'WAYLAND_DISPLAY': 'wayland-0', 'ROS_DISTRO': 'jazzy', 'LOGNAME': 'alejandra', 'NAME': 'Code', 'WSL_INTEROP': '/run/WSL/65119_interop', 'PULSE_SERVER': 'unix:/mnt/wslg/PulseServer', '_': '/usr/bin/colcon', 'ROS_VERSION': '2', 'TERM': 'xterm-256color', 'PATH': '/home/alejandra/.vscode-server/bin/645f29cc3176500b4b5762ba887cf2a7f0ffdf2c/bin/remote-cli:/opt/ros/jazzy/opt/gz_msgs_vendor/bin:/opt/ros/jazzy/opt/gz_tools_vendor/bin:/opt/ros/jazzy/opt/gz_ogre_next_vendor/bin:/opt/ros/jazzy/bin:/usr/local/sbin:/usr/local/bin:/usr/sbin:/usr/bin:/sbin:/bin:/usr/games:/usr/local/games:/usr/lib/wsl/lib:/mnt/c/Program Files (x86)/Common Files/Oracle/Java/java8path:/mnt/c/Program Files (x86)/Common Files/Oracle/Java/javapath:/mnt/c/WINDOWS/system32:/mnt/c/WINDOWS:/mnt/c/WINDOWS/System32/Wbem:/mnt/c/WINDOWS/System32/WindowsPowerShell/v1.0/:/mnt/c/WINDOWS/System32/OpenSSH/:/mnt/c/Program Files (x86)/PowerShell/7/:/mnt/c/ProgramData/chocolatey/bin:/mnt/c/Program Files/Microchip/xc-dsc/v3.21/bin:/mnt/c/Program Files/Microchip/xc16/v2.10/bin:/mnt/c/Program Files/Git/cmd:/mnt/c/Program Files/dotnet/:/mnt/c/Program Files/usbipd-win/:/mnt/c/Program Files/MATLAB/R2026a/bin:/mnt/c/Users/aleja/AppData/Local/Programs/oh-my-posh/bin/:/mnt/c/Users/aleja/AppData/Local/Programs/Python/Launcher/:/mnt/c/Users/aleja/AppData/Local/Microsoft/WindowsApps:/mnt/c/Users/aleja/AppData/Local/Programs/Microsoft VS Code/bin:/mnt/c/Users/aleja/AppData/Local/Programs/MiKTeX/miktex/bin/x64/:/mnt/c/Users/aleja/AppData/Local/Microsoft/WinGet/Packages/JernejSimoncic.Wget_Microsoft.Winget.Source_8wekyb3d8bbwe:/mnt/c/Users/aleja/AppData/Local/spicetify:/mnt/c/Users/aleja/OneDrive/Escritorio/MikTex/miktex/bin/x64/:/snap/bin', 'XDG_RUNTIME_DIR': '/run/user/1000/', 'DISPLAY': ':0', 'LANG': 'en_US.UTF-8', 'LS_COLORS': 'rs=0:di=01;34:ln=01;36:mh=00:pi=40;33:so=01;35:do=01;35:bd=40;33;01:cd=40;33;01:or=40;31;01:mi=00:su=37;41:sg=30;43:ca=00:tw=30;42:ow=34;42:st=37;44:ex=01;32:*.tar=01;31:*.tgz=01;31:*.arc=01;31:*.arj=01;31:*.taz=01;31:*.lha=01;31:*.lz4=01;31:*.lzh=01;31:*.lzma=01;31:*.tlz=01;31:*.txz=01;31:*.tzo=01;31:*.t7z=01;31:*.zip=01;31:*.z=01;31:*.dz=01;31:*.gz=01;31:*.lrz=01;31:*.lz=01;31:*.lzo=01;31:*.xz=01;31:*.zst=01;31:*.tzst=01;31:*.bz2=01;31:*.bz=01;31:*.tbz=01;31:*.tbz2=01;31:*.tz=01;31:*.deb=01;31:*.rpm=01;31:*.jar=01;31:*.war=01;31:*.ear=01;31:*.sar=01;31:*.rar=01;31:*.alz=01;31:*.ace=01;31:*.zoo=01;31:*.cpio=01;31:*.7z=01;31:*.rz=01;31:*.cab=01;31:*.wim=01;31:*.swm=01;31:*.dwm=01;31:*.esd=01;31:*.avif=01;35:*.jpg=01;35:*.jpeg=01;35:*.mjpg=01;35:*.mjpeg=01;35:*.gif=01;35:*.bmp=01;35:*.pbm=01;35:*.pgm=01;35:*.ppm=01;35:*.tga=01;35:*.xbm=01;35:*.xpm=01;35:*.tif=01;35:*.tiff=01;35:*.png=01;35:*.svg=01;35:*.svgz=01;35:*.mng=01;35:*.pcx=01;35:*.mov=01;35:*.mpg=01;35:*.mpeg=01;35:*.m2v=01;35:*.mkv=01;35:*.webm=01;35:*.webp=01;35:*.ogm=01;35:*.mp4=01;35:*.m4v=01;35:*.mp4v=01;35:*.vob=01;35:*.qt=01;35:*.nuv=01;35:*.wmv=01;35:*.asf=01;35:*.rm=01;35:*.rmvb=01;35:*.flc=01;35:*.avi=01;35:*.fli=01;35:*.flv=01;35:*.gl=01;35:*.dl=01;35:*.xcf=01;35:*.xwd=01;35:*.yuv=01;35:*.cgm=01;35:*.emf=01;35:*.ogv=01;35:*.ogx=01;35:*.aac=00;36:*.au=00;36:*.flac=00;36:*.m4a=00;36:*.mid=00;36:*.midi=00;36:*.mka=00;36:*.mp3=00;36:*.mpc=00;36:*.ogg=00;36:*.ra=00;36:*.wav=00;36:*.oga=00;36:*.opus=00;36:*.spx=00;36:*.xspf=00;36:*~=00;90:*#=00;90:*.bak=00;90:*.crdownload=00;90:*.dpkg-dist=00;90:*.dpkg-new=00;90:*.dpkg-old=00;90:*.dpkg-tmp=00;90:*.old=00;90:*.orig=00;90:*.part=00;90:*.rej=00;90:*.rpmnew=00;90:*.rpmorig=00;90:*.rpmsave=00;90:*.swp=00;90:*.tmp=00;90:*.ucf-dist=00;90:*.ucf-new=00;90:*.ucf-old=00;90:', 'VSCODE_GIT_IPC_HANDLE': '/run/user/1000/vscode-git-8bff9a6284.sock', 'TERM_PROGRAM': 'vscode', 'AMENT_PREFIX_PATH': '/opt/ros/jazzy', 'SHELL': '/bin/bash', 'LESSCLOSE': '/usr/bin/lesspipe %s %s', 'ROS_AUTOMATIC_DISCOVERY_RANGE': 'SUBNET', 'VSCODE_GIT_ASKPASS_EXTRA_ARGS': '', 'PWD': '/home/alejandra/ros2_ws/build/turtlesim_control_pkg', 'XDG_DATA_DIRS': '/usr/local/share:/usr/share:/var/lib/snapd/desktop', 'PYTHONPATH': '/home/alejandra/ros2_ws/build/turtlesim_control_pkg/prefix_override:/usr/lib/python3/dist-packages/colcon_core/task/python/colcon_distutils_commands:/home/alejandra/ros2_ws/install/turtlesim_control_pkg/lib/python3.12/site-packages:/opt/ros/jazzy/lib/python3.12/site-packages', 'COLCON': '1', 'WSL2_GUI_APPS_ENABLED': '1', 'HOSTTYPE': 'x86_64', 'CMAKE_PREFIX_PATH': '/opt/ros/jazzy/opt/gz_sim_vendor:/opt/ros/jazzy/opt/gz_sensors_vendor:/opt/ros/jazzy/opt/gz_physics_vendor:/opt/ros/jazzy/opt/sdformat_vendor:/opt/ros/jazzy/opt/gz_gui_vendor:/opt/ros/jazzy/opt/gz_transport_vendor:/opt/ros/jazzy/opt/gz_rendering_vendor:/opt/ros/jazzy/opt/gz_plugin_vendor:/opt/ros/jazzy/opt/gz_fuel_tools_vendor:/opt/ros/jazzy/opt/gz_msgs_vendor:/opt/ros/jazzy/opt/gz_common_vendor:/opt/ros/jazzy/opt/gz_math_vendor:/opt/ros/jazzy/opt/gz_utils_vendor:/opt/ros/jazzy/opt/gz_tools_vendor:/opt/ros/jazzy/opt/gz_ogre_next_vendor:/opt/ros/jazzy/opt/gz_dartsim_vendor:/opt/ros/jazzy/opt/gz_cmake_vendor', 'WSLENV': 'ELECTRON_RUN_AS_NODE/w:'}, 'shell': False}
[2.509435] (-) TimerEvent: {}
[2.609997] (-) TimerEvent: {}
[2.710718] (-) TimerEvent: {}
[2.811462] (-) TimerEvent: {}
[2.858428] (my_robot_launch) StdoutLine: {'line': b'running egg_info\n'}
[2.858904] (my_robot_launch) StdoutLine: {'line': b'creating ../../build/my_robot_launch/my_robot_launch.egg-info\n'}
[2.876332] (mi_primer_paquete) StdoutLine: {'line': b'running egg_info\n'}
[2.880326] (my_robot_launch) StdoutLine: {'line': b'writing ../../build/my_robot_launch/my_robot_launch.egg-info/PKG-INFO\n'}
[2.880666] (my_robot_launch) StdoutLine: {'line': b'writing dependency_links to ../../build/my_robot_launch/my_robot_launch.egg-info/dependency_links.txt\n'}
[2.880959] (my_robot_launch) StdoutLine: {'line': b'writing requirements to ../../build/my_robot_launch/my_robot_launch.egg-info/requires.txt\n'}
[2.881154] (my_robot_launch) StdoutLine: {'line': b'writing top-level names to ../../build/my_robot_launch/my_robot_launch.egg-info/top_level.txt\n'}
[2.881373] (my_robot_launch) StdoutLine: {'line': b"writing manifest file '../../build/my_robot_launch/my_robot_launch.egg-info/SOURCES.txt'\n"}
[2.909200] (turtlesim_control_pkg) StdoutLine: {'line': b'running egg_info\n'}
[2.909812] (mi_primer_paquete) StdoutLine: {'line': b'writing ../../build/mi_primer_paquete/mi_primer_paquete.egg-info/PKG-INFO\n'}
[2.911238] (mi_primer_paquete) StdoutLine: {'line': b'writing dependency_links to ../../build/mi_primer_paquete/mi_primer_paquete.egg-info/dependency_links.txt\n'}
[2.911773] (-) TimerEvent: {}
[2.912229] (mi_primer_paquete) StdoutLine: {'line': b'writing entry points to ../../build/mi_primer_paquete/mi_primer_paquete.egg-info/entry_points.txt\n'}
[2.912559] (mi_primer_paquete) StdoutLine: {'line': b'writing requirements to ../../build/mi_primer_paquete/mi_primer_paquete.egg-info/requires.txt\n'}
[2.912946] (mi_primer_paquete) StdoutLine: {'line': b'writing top-level names to ../../build/mi_primer_paquete/mi_primer_paquete.egg-info/top_level.txt\n'}
[2.943371] (my_robot_launch) StdoutLine: {'line': b"reading manifest file '../../build/my_robot_launch/my_robot_launch.egg-info/SOURCES.txt'\n"}
[2.946330] (my_robot_launch) StdoutLine: {'line': b"writing manifest file '../../build/my_robot_launch/my_robot_launch.egg-info/SOURCES.txt'\n"}
[2.947385] (turtlesim_control_pkg) StdoutLine: {'line': b'writing ../../build/turtlesim_control_pkg/turtlesim_control_pkg.egg-info/PKG-INFO\n'}
[2.947996] (my_robot_launch) StdoutLine: {'line': b'running build\n'}
[2.948352] (my_robot_launch) StdoutLine: {'line': b'running build_py\n'}
[2.949573] (my_robot_launch) StdoutLine: {'line': b'creating /home/alejandra/ros2_ws/build/my_robot_launch/build\n'}
[2.949752] (turtlesim_control_pkg) StdoutLine: {'line': b'writing dependency_links to ../../build/turtlesim_control_pkg/turtlesim_control_pkg.egg-info/dependency_links.txt\n'}
[2.949834] (turtlesim_control_pkg) StdoutLine: {'line': b'writing entry points to ../../build/turtlesim_control_pkg/turtlesim_control_pkg.egg-info/entry_points.txt\n'}
[2.949899] (turtlesim_control_pkg) StdoutLine: {'line': b'writing requirements to ../../build/turtlesim_control_pkg/turtlesim_control_pkg.egg-info/requires.txt\n'}
[2.949962] (turtlesim_control_pkg) StdoutLine: {'line': b'writing top-level names to ../../build/turtlesim_control_pkg/turtlesim_control_pkg.egg-info/top_level.txt\n'}
[2.950025] (my_robot_launch) StdoutLine: {'line': b'creating /home/alejandra/ros2_ws/build/my_robot_launch/build/lib\n'}
[2.950089] (my_robot_launch) StdoutLine: {'line': b'creating /home/alejandra/ros2_ws/build/my_robot_launch/build/lib/my_robot_launch\n'}
[2.950417] (my_robot_launch) StdoutLine: {'line': b'copying my_robot_launch/__init__.py -> /home/alejandra/ros2_ws/build/my_robot_launch/build/lib/my_robot_launch\n'}
[2.950743] (my_robot_launch) StdoutLine: {'line': b'running install\n'}
[2.963421] (my_robot_launch) StdoutLine: {'line': b'running install_lib\n'}
[2.972515] (mi_primer_paquete) StdoutLine: {'line': b"reading manifest file '../../build/mi_primer_paquete/mi_primer_paquete.egg-info/SOURCES.txt'\n"}
[2.974669] (mi_primer_paquete) StdoutLine: {'line': b"writing manifest file '../../build/mi_primer_paquete/mi_primer_paquete.egg-info/SOURCES.txt'\n"}
[2.975076] (mi_primer_paquete) StdoutLine: {'line': b'running build\n'}
[2.975164] (mi_primer_paquete) StdoutLine: {'line': b'running build_py\n'}
[2.975400] (mi_primer_paquete) StdoutLine: {'line': b'running install\n'}
[2.982979] (mi_primer_paquete) StdoutLine: {'line': b'running install_lib\n'}
[2.995544] (my_robot_launch) StdoutLine: {'line': b'creating /home/alejandra/ros2_ws/install/my_robot_launch/lib/python3.12/site-packages/my_robot_launch\n'}
[2.996328] (my_robot_launch) StdoutLine: {'line': b'copying /home/alejandra/ros2_ws/build/my_robot_launch/build/lib/my_robot_launch/__init__.py -> /home/alejandra/ros2_ws/install/my_robot_launch/lib/python3.12/site-packages/my_robot_launch\n'}
[2.997328] (my_robot_launch) StdoutLine: {'line': b'byte-compiling /home/alejandra/ros2_ws/install/my_robot_launch/lib/python3.12/site-packages/my_robot_launch/__init__.py to __init__.cpython-312.pyc\n'}
[2.998678] (my_robot_launch) StdoutLine: {'line': b'running install_data\n'}
[2.999094] (my_robot_launch) StdoutLine: {'line': b'creating /home/alejandra/ros2_ws/install/my_robot_launch/share/ament_index\n'}
[2.999959] (my_robot_launch) StdoutLine: {'line': b'creating /home/alejandra/ros2_ws/install/my_robot_launch/share/ament_index/resource_index\n'}
[3.001160] (my_robot_launch) StdoutLine: {'line': b'creating /home/alejandra/ros2_ws/install/my_robot_launch/share/ament_index/resource_index/packages\n'}
[3.002161] (my_robot_launch) StdoutLine: {'line': b'copying resource/my_robot_launch -> /home/alejandra/ros2_ws/install/my_robot_launch/share/ament_index/resource_index/packages\n'}
[3.002640] (my_robot_launch) StdoutLine: {'line': b'copying package.xml -> /home/alejandra/ros2_ws/install/my_robot_launch/share/my_robot_launch\n'}
[3.003021] (my_robot_launch) StdoutLine: {'line': b'running install_egg_info\n'}
[3.005940] (mi_primer_paquete) StdoutLine: {'line': b'running install_data\n'}
[3.006589] (mi_primer_paquete) StdoutLine: {'line': b'running install_egg_info\n'}
[3.006695] (turtlesim_control_pkg) StdoutLine: {'line': b"reading manifest file '../../build/turtlesim_control_pkg/turtlesim_control_pkg.egg-info/SOURCES.txt'\n"}
[3.008506] (turtlesim_control_pkg) StdoutLine: {'line': b"writing manifest file '../../build/turtlesim_control_pkg/turtlesim_control_pkg.egg-info/SOURCES.txt'\n"}
[3.009039] (turtlesim_control_pkg) StdoutLine: {'line': b'running build\n'}
[3.009442] (turtlesim_control_pkg) StdoutLine: {'line': b'running build_py\n'}
[3.009927] (turtlesim_control_pkg) StdoutLine: {'line': b'running install\n'}
[3.011982] (-) TimerEvent: {}
[3.018372] (turtlesim_control_pkg) StdoutLine: {'line': b'running install_lib\n'}
[3.031969] (my_robot_launch) StdoutLine: {'line': b'Copying ../../build/my_robot_launch/my_robot_launch.egg-info to /home/alejandra/ros2_ws/install/my_robot_launch/lib/python3.12/site-packages/my_robot_launch-0.0.0-py3.12.egg-info\n'}
[3.034249] (my_robot_launch) StdoutLine: {'line': b'running install_scripts\n'}
[3.042292] (mi_primer_paquete) StdoutLine: {'line': b"removing '/home/alejandra/ros2_ws/install/mi_primer_paquete/lib/python3.12/site-packages/mi_primer_paquete-0.0.0-py3.12.egg-info' (and everything under it)\n"}
[3.043510] (mi_primer_paquete) StdoutLine: {'line': b'Copying ../../build/mi_primer_paquete/mi_primer_paquete.egg-info to /home/alejandra/ros2_ws/install/mi_primer_paquete/lib/python3.12/site-packages/mi_primer_paquete-0.0.0-py3.12.egg-info\n'}
[3.045993] (mi_primer_paquete) StdoutLine: {'line': b'running install_scripts\n'}
[3.052251] (turtlesim_control_pkg) StdoutLine: {'line': b'running install_data\n'}
[3.052839] (turtlesim_control_pkg) StdoutLine: {'line': b'running install_egg_info\n'}
[3.077358] (turtlesim_control_pkg) StdoutLine: {'line': b"removing '/home/alejandra/ros2_ws/install/turtlesim_control_pkg/lib/python3.12/site-packages/turtlesim_control_pkg-0.0.0-py3.12.egg-info' (and everything under it)\n"}
[3.078362] (turtlesim_control_pkg) StdoutLine: {'line': b'Copying ../../build/turtlesim_control_pkg/turtlesim_control_pkg.egg-info to /home/alejandra/ros2_ws/install/turtlesim_control_pkg/lib/python3.12/site-packages/turtlesim_control_pkg-0.0.0-py3.12.egg-info\n'}
[3.082765] (turtlesim_control_pkg) StdoutLine: {'line': b'running install_scripts\n'}
[3.112181] (-) TimerEvent: {}
[3.212865] (-) TimerEvent: {}
[3.213437] (my_robot_launch) StdoutLine: {'line': b"writing list of installed files to '/home/alejandra/ros2_ws/build/my_robot_launch/install.log'\n"}
[3.258981] (turtlesim_control_pkg) StdoutLine: {'line': b'Installing turtle_mode_controller script to /home/alejandra/ros2_ws/install/turtlesim_control_pkg/lib/turtlesim_control_pkg\n'}
[3.259455] (turtlesim_control_pkg) StdoutLine: {'line': b"writing list of installed files to '/home/alejandra/ros2_ws/build/turtlesim_control_pkg/install.log'\n"}
[3.261389] (mi_primer_paquete) StdoutLine: {'line': b'Installing nodo_control script to /home/alejandra/ros2_ws/install/mi_primer_paquete/lib/mi_primer_paquete\n'}
[3.261834] (mi_primer_paquete) StdoutLine: {'line': b"writing list of installed files to '/home/alejandra/ros2_ws/build/mi_primer_paquete/install.log'\n"}
[3.285418] (my_robot_launch) CommandEnded: {'returncode': 0}
[3.302708] (my_robot_launch) JobEnded: {'identifier': 'my_robot_launch', 'rc': 0}
[3.313071] (-) TimerEvent: {}
[3.331133] (mi_primer_paquete) CommandEnded: {'returncode': 0}
[3.352346] (mi_primer_paquete) JobEnded: {'identifier': 'mi_primer_paquete', 'rc': 0}
[3.361091] (turtlesim_control_pkg) CommandEnded: {'returncode': 0}
[3.399533] (turtlesim_control_pkg) JobEnded: {'identifier': 'turtlesim_control_pkg', 'rc': 0}
[3.403156] (py_action) Command: {'cmd': ['/usr/bin/python3', '-W', 'ignore:setup.py install is deprecated', '-W', 'ignore:easy_install command is deprecated', 'setup.py', 'egg_info', '--egg-base', '../../build/py_action', 'build', '--build-base', '/home/alejandra/ros2_ws/build/py_action/build', 'install', '--record', '/home/alejandra/ros2_ws/build/py_action/install.log', '--install-scripts', '$base/lib/py_action', '--single-version-externally-managed', 'install_data'], 'cwd': '/home/alejandra/ros2_ws/src/py_action', 'env': {'LESSOPEN': '| /usr/bin/lesspipe %s', 'GZ_SIM_RESOURCE_PATH': '/opt/ros/jazzy/share', 'USER': 'alejandra', 'GZ_CONFIG_PATH': '/opt/ros/jazzy/opt/gz_sim_vendor/share/gz:/opt/ros/jazzy/opt/sdformat_vendor/share/gz:/opt/ros/jazzy/opt/gz_gui_vendor/share/gz:/opt/ros/jazzy/opt/gz_transport_vendor/share/gz:/opt/ros/jazzy/opt/gz_rendering_vendor/share/gz:/opt/ros/jazzy/opt/gz_plugin_vendor/share/gz:/opt/ros/jazzy/opt/gz_fuel_tools_vendor/share/gz:/opt/ros/jazzy/opt/gz_msgs_vendor/share/gz:/opt/ros/jazzy/opt/gz_common_vendor/share/gz', 'GIT_ASKPASS': '/home/alejandra/.vscode-server/bin/645f29cc3176500b4b5762ba887cf2a7f0ffdf2c/extensions/git/dist/askpass.sh', 'SHLVL': '2', 'LD_LIBRARY_PATH': '/home/alejandra/ros2_ws/install/tutorial_interfaces/lib:/opt/ros/jazzy/opt/gz_sim_vendor/lib:/opt/ros/jazzy/opt/gz_sensors_vendor/lib:/opt/ros/jazzy/opt/gz_physics_vendor/lib:/opt/ros/jazzy/opt/sdformat_vendor/lib:/opt/ros/jazzy/opt/rviz_ogre_vendor/lib:/opt/ros/jazzy/lib/x86_64-linux-gnu:/opt/ros/jazzy/opt/gz_gui_vendor/lib:/opt/ros/jazzy/opt/gz_transport_vendor/lib:/opt/ros/jazzy/opt/gz_rendering_vendor/lib:/opt/ros/jazzy/opt/gz_plugin_vendor/lib:/opt/ros/jazzy/opt/gz_fuel_tools_vendor/lib:/opt/ros/jazzy/opt/gz_msgs_vendor/lib:/opt/ros/jazzy/opt/gz_common_vendor/lib:/opt/ros/jazzy/opt/gz_math_vendor/lib:/opt/ros/jazzy/opt/gz_utils_vendor/lib:/opt/ros/jazzy/opt/gz_tools_vendor/lib:/opt/ros/jazzy/opt/gz_ogre_next_vendor/lib:/opt/ros/jazzy/opt/gz_dartsim_vendor/lib:/opt/ros/jazzy/opt/gz_cmake_vendor/lib:/opt/ros/jazzy/lib', 'MOTD_SHOWN': 'update-motd', 'HOME': '/home/alejandra', 'OLDPWD': '/home/alejandra/ros2_ws/src/my_robot_launch', 'TERM_PROGRAM_VERSION': '1.137.0', 'VSCODE_IPC_HOOK_CLI': '/run/user/1000/vscode-ipc-11d74f31-1347-4b18-98cf-144642d45944.sock', 'ROS_PYTHON_VERSION': '3', 'VSCODE_GIT_ASKPASS_MAIN': '/home/alejandra/.vscode-server/bin/645f29cc3176500b4b5762ba887cf2a7f0ffdf2c/extensions/git/dist/askpass-main.js', 'VSCODE_GIT_ASKPASS_NODE': '/home/alejandra/.vscode-server/bin/645f29cc3176500b4b5762ba887cf2a7f0ffdf2c/node', 'VSCODE_PYTHON_AUTOACTIVATE_GUARD': '1', 'DBUS_SESSION_BUS_ADDRESS': 'unix:path=/run/user/1000/bus', 'COLORTERM': 'truecolor', 'WSL_DISTRO_NAME': 'Ubuntu', 'DEBUGINFOD_URLS': 'https://debuginfod.ubuntu.com', 'WAYLAND_DISPLAY': 'wayland-0', 'ROS_DISTRO': 'jazzy', 'LOGNAME': 'alejandra', 'NAME': 'Code', 'WSL_INTEROP': '/run/WSL/65119_interop', 'PULSE_SERVER': 'unix:/mnt/wslg/PulseServer', '_': '/usr/bin/colcon', 'ROS_VERSION': '2', 'TERM': 'xterm-256color', 'PATH': '/home/alejandra/.vscode-server/bin/645f29cc3176500b4b5762ba887cf2a7f0ffdf2c/bin/remote-cli:/opt/ros/jazzy/opt/gz_msgs_vendor/bin:/opt/ros/jazzy/opt/gz_tools_vendor/bin:/opt/ros/jazzy/opt/gz_ogre_next_vendor/bin:/opt/ros/jazzy/bin:/usr/local/sbin:/usr/local/bin:/usr/sbin:/usr/bin:/sbin:/bin:/usr/games:/usr/local/games:/usr/lib/wsl/lib:/mnt/c/Program Files (x86)/Common Files/Oracle/Java/java8path:/mnt/c/Program Files (x86)/Common Files/Oracle/Java/javapath:/mnt/c/WINDOWS/system32:/mnt/c/WINDOWS:/mnt/c/WINDOWS/System32/Wbem:/mnt/c/WINDOWS/System32/WindowsPowerShell/v1.0/:/mnt/c/WINDOWS/System32/OpenSSH/:/mnt/c/Program Files (x86)/PowerShell/7/:/mnt/c/ProgramData/chocolatey/bin:/mnt/c/Program Files/Microchip/xc-dsc/v3.21/bin:/mnt/c/Program Files/Microchip/xc16/v2.10/bin:/mnt/c/Program Files/Git/cmd:/mnt/c/Program Files/dotnet/:/mnt/c/Program Files/usbipd-win/:/mnt/c/Program Files/MATLAB/R2026a/bin:/mnt/c/Users/aleja/AppData/Local/Programs/oh-my-posh/bin/:/mnt/c/Users/aleja/AppData/Local/Programs/Python/Launcher/:/mnt/c/Users/aleja/AppData/Local/Microsoft/WindowsApps:/mnt/c/Users/aleja/AppData/Local/Programs/Microsoft VS Code/bin:/mnt/c/Users/aleja/AppData/Local/Programs/MiKTeX/miktex/bin/x64/:/mnt/c/Users/aleja/AppData/Local/Microsoft/WinGet/Packages/JernejSimoncic.Wget_Microsoft.Winget.Source_8wekyb3d8bbwe:/mnt/c/Users/aleja/AppData/Local/spicetify:/mnt/c/Users/aleja/OneDrive/Escritorio/MikTex/miktex/bin/x64/:/snap/bin', 'XDG_RUNTIME_DIR': '/run/user/1000/', 'DISPLAY': ':0', 'LANG': 'en_US.UTF-8', 'LS_COLORS': 'rs=0:di=01;34:ln=01;36:mh=00:pi=40;33:so=01;35:do=01;35:bd=40;33;01:cd=40;33;01:or=40;31;01:mi=00:su=37;41:sg=30;43:ca=00:tw=30;42:ow=34;42:st=37;44:ex=01;32:*.tar=01;31:*.tgz=01;31:*.arc=01;31:*.arj=01;31:*.taz=01;31:*.lha=01;31:*.lz4=01;31:*.lzh=01;31:*.lzma=01;31:*.tlz=01;31:*.txz=01;31:*.tzo=01;31:*.t7z=01;31:*.zip=01;31:*.z=01;31:*.dz=01;31:*.gz=01;31:*.lrz=01;31:*.lz=01;31:*.lzo=01;31:*.xz=01;31:*.zst=01;31:*.tzst=01;31:*.bz2=01;31:*.bz=01;31:*.tbz=01;31:*.tbz2=01;31:*.tz=01;31:*.deb=01;31:*.rpm=01;31:*.jar=01;31:*.war=01;31:*.ear=01;31:*.sar=01;31:*.rar=01;31:*.alz=01;31:*.ace=01;31:*.zoo=01;31:*.cpio=01;31:*.7z=01;31:*.rz=01;31:*.cab=01;31:*.wim=01;31:*.swm=01;31:*.dwm=01;31:*.esd=01;31:*.avif=01;35:*.jpg=01;35:*.jpeg=01;35:*.mjpg=01;35:*.mjpeg=01;35:*.gif=01;35:*.bmp=01;35:*.pbm=01;35:*.pgm=01;35:*.ppm=01;35:*.tga=01;35:*.xbm=01;35:*.xpm=01;35:*.tif=01;35:*.tiff=01;35:*.png=01;35:*.svg=01;35:*.svgz=01;35:*.mng=01;35:*.pcx=01;35:*.mov=01;35:*.mpg=01;35:*.mpeg=01;35:*.m2v=01;35:*.mkv=01;35:*.webm=01;35:*.webp=01;35:*.ogm=01;35:*.mp4=01;35:*.m4v=01;35:*.mp4v=01;35:*.vob=01;35:*.qt=01;35:*.nuv=01;35:*.wmv=01;35:*.asf=01;35:*.rm=01;35:*.rmvb=01;35:*.flc=01;35:*.avi=01;35:*.fli=01;35:*.flv=01;35:*.gl=01;35:*.dl=01;35:*.xcf=01;35:*.xwd=01;35:*.yuv=01;35:*.cgm=01;35:*.emf=01;35:*.ogv=01;35:*.ogx=01;35:*.aac=00;36:*.au=00;36:*.flac=00;36:*.m4a=00;36:*.mid=00;36:*.midi=00;36:*.mka=00;36:*.mp3=00;36:*.mpc=00;36:*.ogg=00;36:*.ra=00;36:*.wav=00;36:*.oga=00;36:*.opus=00;36:*.spx=00;36:*.xspf=00;36:*~=00;90:*#=00;90:*.bak=00;90:*.crdownload=00;90:*.dpkg-dist=00;90:*.dpkg-new=00;90:*.dpkg-old=00;90:*.dpkg-tmp=00;90:*.old=00;90:*.orig=00;90:*.part=00;90:*.rej=00;90:*.rpmnew=00;90:*.rpmorig=00;90:*.rpmsave=00;90:*.swp=00;90:*.tmp=00;90:*.ucf-dist=00;90:*.ucf-new=00;90:*.ucf-old=00;90:', 'VSCODE_GIT_IPC_HANDLE': '/run/user/1000/vscode-git-8bff9a6284.sock', 'TERM_PROGRAM': 'vscode', 'AMENT_PREFIX_PATH': '/home/alejandra/ros2_ws/install/tutorial_interfaces:/opt/ros/jazzy', 'SHELL': '/bin/bash', 'LESSCLOSE': '/usr/bin/lesspipe %s %s', 'ROS_AUTOMATIC_DISCOVERY_RANGE': 'SUBNET', 'VSCODE_GIT_ASKPASS_EXTRA_ARGS': '', 'PWD': '/home/alejandra/ros2_ws/build/py_action', 'XDG_DATA_DIRS': '/usr/local/share:/usr/share:/var/lib/snapd/desktop', 'PYTHONPATH': '/home/alejandra/ros2_ws/build/py_action/prefix_override:/usr/lib/python3/dist-packages/colcon_core/task/python/colcon_distutils_commands:/home/alejandra/ros2_ws/install/py_action/lib/python3.12/site-packages:/home/alejandra/ros2_ws/install/tutorial_interfaces/lib/python3.12/site-packages:/opt/ros/jazzy/lib/python3.12/site-packages', 'COLCON': '1', 'WSL2_GUI_APPS_ENABLED': '1', 'HOSTTYPE': 'x86_64', 'CMAKE_PREFIX_PATH': '/home/alejandra/ros2_ws/install/tutorial_interfaces:/opt/ros/jazzy/opt/gz_sim_vendor:/opt/ros/jazzy/opt/gz_sensors_vendor:/opt/ros/jazzy/opt/gz_physics_vendor:/opt/ros/jazzy/opt/sdformat_vendor:/opt/ros/jazzy/opt/gz_gui_vendor:/opt/ros/jazzy/opt/gz_transport_vendor:/opt/ros/jazzy/opt/gz_rendering_vendor:/opt/ros/jazzy/opt/gz_plugin_vendor:/opt/ros/jazzy/opt/gz_fuel_tools_vendor:/opt/ros/jazzy/opt/gz_msgs_vendor:/opt/ros/jazzy/opt/gz_common_vendor:/opt/ros/jazzy/opt/gz_math_vendor:/opt/ros/jazzy/opt/gz_utils_vendor:/opt/ros/jazzy/opt/gz_tools_vendor:/opt/ros/jazzy/opt/gz_ogre_next_vendor:/opt/ros/jazzy/opt/gz_dartsim_vendor:/opt/ros/jazzy/opt/gz_cmake_vendor', 'WSLENV': 'ELECTRON_RUN_AS_NODE/w:'}, 'shell': False}
[3.413206] (-) TimerEvent: {}
[3.459569] (py_srvcli) Command: {'cmd': ['/usr/bin/python3', '-W', 'ignore:setup.py install is deprecated', '-W', 'ignore:easy_install command is deprecated', 'setup.py', 'egg_info', '--egg-base', '../../build/py_srvcli', 'build', '--build-base', '/home/alejandra/ros2_ws/build/py_srvcli/build', 'install', '--record', '/home/alejandra/ros2_ws/build/py_srvcli/install.log', '--install-scripts', '$base/lib/py_srvcli', '--single-version-externally-managed', 'install_data'], 'cwd': '/home/alejandra/ros2_ws/src/py_srvcli', 'env': {'LESSOPEN': '| /usr/bin/lesspipe %s', 'GZ_SIM_RESOURCE_PATH': '/opt/ros/jazzy/share', 'USER': 'alejandra', 'GZ_CONFIG_PATH': '/opt/ros/jazzy/opt/gz_sim_vendor/share/gz:/opt/ros/jazzy/opt/sdformat_vendor/share/gz:/opt/ros/jazzy/opt/gz_gui_vendor/share/gz:/opt/ros/jazzy/opt/gz_transport_vendor/share/gz:/opt/ros/jazzy/opt/gz_rendering_vendor/share/gz:/opt/ros/jazzy/opt/gz_plugin_vendor/share/gz:/opt/ros/jazzy/opt/gz_fuel_tools_vendor/share/gz:/opt/ros/jazzy/opt/gz_msgs_vendor/share/gz:/opt/ros/jazzy/opt/gz_common_vendor/share/gz', 'GIT_ASKPASS': '/home/alejandra/.vscode-server/bin/645f29cc3176500b4b5762ba887cf2a7f0ffdf2c/extensions/git/dist/askpass.sh', 'SHLVL': '2', 'LD_LIBRARY_PATH': '/home/alejandra/ros2_ws/install/tutorial_interfaces/lib:/opt/ros/jazzy/opt/gz_sim_vendor/lib:/opt/ros/jazzy/opt/gz_sensors_vendor/lib:/opt/ros/jazzy/opt/gz_physics_vendor/lib:/opt/ros/jazzy/opt/sdformat_vendor/lib:/opt/ros/jazzy/opt/rviz_ogre_vendor/lib:/opt/ros/jazzy/lib/x86_64-linux-gnu:/opt/ros/jazzy/opt/gz_gui_vendor/lib:/opt/ros/jazzy/opt/gz_transport_vendor/lib:/opt/ros/jazzy/opt/gz_rendering_vendor/lib:/opt/ros/jazzy/opt/gz_plugin_vendor/lib:/opt/ros/jazzy/opt/gz_fuel_tools_vendor/lib:/opt/ros/jazzy/opt/gz_msgs_vendor/lib:/opt/ros/jazzy/opt/gz_common_vendor/lib:/opt/ros/jazzy/opt/gz_math_vendor/lib:/opt/ros/jazzy/opt/gz_utils_vendor/lib:/opt/ros/jazzy/opt/gz_tools_vendor/lib:/opt/ros/jazzy/opt/gz_ogre_next_vendor/lib:/opt/ros/jazzy/opt/gz_dartsim_vendor/lib:/opt/ros/jazzy/opt/gz_cmake_vendor/lib:/opt/ros/jazzy/lib', 'MOTD_SHOWN': 'update-motd', 'HOME': '/home/alejandra', 'OLDPWD': '/home/alejandra/ros2_ws/src/my_robot_launch', 'TERM_PROGRAM_VERSION': '1.137.0', 'VSCODE_IPC_HOOK_CLI': '/run/user/1000/vscode-ipc-11d74f31-1347-4b18-98cf-144642d45944.sock', 'ROS_PYTHON_VERSION': '3', 'VSCODE_GIT_ASKPASS_MAIN': '/home/alejandra/.vscode-server/bin/645f29cc3176500b4b5762ba887cf2a7f0ffdf2c/extensions/git/dist/askpass-main.js', 'VSCODE_GIT_ASKPASS_NODE': '/home/alejandra/.vscode-server/bin/645f29cc3176500b4b5762ba887cf2a7f0ffdf2c/node', 'VSCODE_PYTHON_AUTOACTIVATE_GUARD': '1', 'DBUS_SESSION_BUS_ADDRESS': 'unix:path=/run/user/1000/bus', 'COLORTERM': 'truecolor', 'WSL_DISTRO_NAME': 'Ubuntu', 'DEBUGINFOD_URLS': 'https://debuginfod.ubuntu.com', 'WAYLAND_DISPLAY': 'wayland-0', 'ROS_DISTRO': 'jazzy', 'LOGNAME': 'alejandra', 'NAME': 'Code', 'WSL_INTEROP': '/run/WSL/65119_interop', 'PULSE_SERVER': 'unix:/mnt/wslg/PulseServer', '_': '/usr/bin/colcon', 'ROS_VERSION': '2', 'TERM': 'xterm-256color', 'PATH': '/home/alejandra/.vscode-server/bin/645f29cc3176500b4b5762ba887cf2a7f0ffdf2c/bin/remote-cli:/opt/ros/jazzy/opt/gz_msgs_vendor/bin:/opt/ros/jazzy/opt/gz_tools_vendor/bin:/opt/ros/jazzy/opt/gz_ogre_next_vendor/bin:/opt/ros/jazzy/bin:/usr/local/sbin:/usr/local/bin:/usr/sbin:/usr/bin:/sbin:/bin:/usr/games:/usr/local/games:/usr/lib/wsl/lib:/mnt/c/Program Files (x86)/Common Files/Oracle/Java/java8path:/mnt/c/Program Files (x86)/Common Files/Oracle/Java/javapath:/mnt/c/WINDOWS/system32:/mnt/c/WINDOWS:/mnt/c/WINDOWS/System32/Wbem:/mnt/c/WINDOWS/System32/WindowsPowerShell/v1.0/:/mnt/c/WINDOWS/System32/OpenSSH/:/mnt/c/Program Files (x86)/PowerShell/7/:/mnt/c/ProgramData/chocolatey/bin:/mnt/c/Program Files/Microchip/xc-dsc/v3.21/bin:/mnt/c/Program Files/Microchip/xc16/v2.10/bin:/mnt/c/Program Files/Git/cmd:/mnt/c/Program Files/dotnet/:/mnt/c/Program Files/usbipd-win/:/mnt/c/Program Files/MATLAB/R2026a/bin:/mnt/c/Users/aleja/AppData/Local/Programs/oh-my-posh/bin/:/mnt/c/Users/aleja/AppData/Local/Programs/Python/Launcher/:/mnt/c/Users/aleja/AppData/Local/Microsoft/WindowsApps:/mnt/c/Users/aleja/AppData/Local/Programs/Microsoft VS Code/bin:/mnt/c/Users/aleja/AppData/Local/Programs/MiKTeX/miktex/bin/x64/:/mnt/c/Users/aleja/AppData/Local/Microsoft/WinGet/Packages/JernejSimoncic.Wget_Microsoft.Winget.Source_8wekyb3d8bbwe:/mnt/c/Users/aleja/AppData/Local/spicetify:/mnt/c/Users/aleja/OneDrive/Escritorio/MikTex/miktex/bin/x64/:/snap/bin', 'XDG_RUNTIME_DIR': '/run/user/1000/', 'DISPLAY': ':0', 'LANG': 'en_US.UTF-8', 'LS_COLORS': 'rs=0:di=01;34:ln=01;36:mh=00:pi=40;33:so=01;35:do=01;35:bd=40;33;01:cd=40;33;01:or=40;31;01:mi=00:su=37;41:sg=30;43:ca=00:tw=30;42:ow=34;42:st=37;44:ex=01;32:*.tar=01;31:*.tgz=01;31:*.arc=01;31:*.arj=01;31:*.taz=01;31:*.lha=01;31:*.lz4=01;31:*.lzh=01;31:*.lzma=01;31:*.tlz=01;31:*.txz=01;31:*.tzo=01;31:*.t7z=01;31:*.zip=01;31:*.z=01;31:*.dz=01;31:*.gz=01;31:*.lrz=01;31:*.lz=01;31:*.lzo=01;31:*.xz=01;31:*.zst=01;31:*.tzst=01;31:*.bz2=01;31:*.bz=01;31:*.tbz=01;31:*.tbz2=01;31:*.tz=01;31:*.deb=01;31:*.rpm=01;31:*.jar=01;31:*.war=01;31:*.ear=01;31:*.sar=01;31:*.rar=01;31:*.alz=01;31:*.ace=01;31:*.zoo=01;31:*.cpio=01;31:*.7z=01;31:*.rz=01;31:*.cab=01;31:*.wim=01;31:*.swm=01;31:*.dwm=01;31:*.esd=01;31:*.avif=01;35:*.jpg=01;35:*.jpeg=01;35:*.mjpg=01;35:*.mjpeg=01;35:*.gif=01;35:*.bmp=01;35:*.pbm=01;35:*.pgm=01;35:*.ppm=01;35:*.tga=01;35:*.xbm=01;35:*.xpm=01;35:*.tif=01;35:*.tiff=01;35:*.png=01;35:*.svg=01;35:*.svgz=01;35:*.mng=01;35:*.pcx=01;35:*.mov=01;35:*.mpg=01;35:*.mpeg=01;35:*.m2v=01;35:*.mkv=01;35:*.webm=01;35:*.webp=01;35:*.ogm=01;35:*.mp4=01;35:*.m4v=01;35:*.mp4v=01;35:*.vob=01;35:*.qt=01;35:*.nuv=01;35:*.wmv=01;35:*.asf=01;35:*.rm=01;35:*.rmvb=01;35:*.flc=01;35:*.avi=01;35:*.fli=01;35:*.flv=01;35:*.gl=01;35:*.dl=01;35:*.xcf=01;35:*.xwd=01;35:*.yuv=01;35:*.cgm=01;35:*.emf=01;35:*.ogv=01;35:*.ogx=01;35:*.aac=00;36:*.au=00;36:*.flac=00;36:*.m4a=00;36:*.mid=00;36:*.midi=00;36:*.mka=00;36:*.mp3=00;36:*.mpc=00;36:*.ogg=00;36:*.ra=00;36:*.wav=00;36:*.oga=00;36:*.opus=00;36:*.spx=00;36:*.xspf=00;36:*~=00;90:*#=00;90:*.bak=00;90:*.crdownload=00;90:*.dpkg-dist=00;90:*.dpkg-new=00;90:*.dpkg-old=00;90:*.dpkg-tmp=00;90:*.old=00;90:*.orig=00;90:*.part=00;90:*.rej=00;90:*.rpmnew=00;90:*.rpmorig=00;90:*.rpmsave=00;90:*.swp=00;90:*.tmp=00;90:*.ucf-dist=00;90:*.ucf-new=00;90:*.ucf-old=00;90:', 'VSCODE_GIT_IPC_HANDLE': '/run/user/1000/vscode-git-8bff9a6284.sock', 'TERM_PROGRAM': 'vscode', 'AMENT_PREFIX_PATH': '/home/alejandra/ros2_ws/install/tutorial_interfaces:/opt/ros/jazzy', 'SHELL': '/bin/bash', 'LESSCLOSE': '/usr/bin/lesspipe %s %s', 'ROS_AUTOMATIC_DISCOVERY_RANGE': 'SUBNET', 'VSCODE_GIT_ASKPASS_EXTRA_ARGS': '', 'PWD': '/home/alejandra/ros2_ws/build/py_srvcli', 'XDG_DATA_DIRS': '/usr/local/share:/usr/share:/var/lib/snapd/desktop', 'PYTHONPATH': '/home/alejandra/ros2_ws/build/py_srvcli/prefix_override:/usr/lib/python3/dist-packages/colcon_core/task/python/colcon_distutils_commands:/home/alejandra/ros2_ws/install/py_srvcli/lib/python3.12/site-packages:/home/alejandra/ros2_ws/install/tutorial_interfaces/lib/python3.12/site-packages:/opt/ros/jazzy/lib/python3.12/site-packages', 'COLCON': '1', 'WSL2_GUI_APPS_ENABLED': '1', 'HOSTTYPE': 'x86_64', 'CMAKE_PREFIX_PATH': '/home/alejandra/ros2_ws/install/tutorial_interfaces:/opt/ros/jazzy/opt/gz_sim_vendor:/opt/ros/jazzy/opt/gz_sensors_vendor:/opt/ros/jazzy/opt/gz_physics_vendor:/opt/ros/jazzy/opt/sdformat_vendor:/opt/ros/jazzy/opt/gz_gui_vendor:/opt/ros/jazzy/opt/gz_transport_vendor:/opt/ros/jazzy/opt/gz_rendering_vendor:/opt/ros/jazzy/opt/gz_plugin_vendor:/opt/ros/jazzy/opt/gz_fuel_tools_vendor:/opt/ros/jazzy/opt/gz_msgs_vendor:/opt/ros/jazzy/opt/gz_common_vendor:/opt/ros/jazzy/opt/gz_math_vendor:/opt/ros/jazzy/opt/gz_utils_vendor:/opt/ros/jazzy/opt/gz_tools_vendor:/opt/ros/jazzy/opt/gz_ogre_next_vendor:/opt/ros/jazzy/opt/gz_dartsim_vendor:/opt/ros/jazzy/opt/gz_cmake_vendor', 'WSLENV': 'ELECTRON_RUN_AS_NODE/w:'}, 'shell': False}
[3.513467] (-) TimerEvent: {}
[3.613997] (-) TimerEvent: {}
[3.671594] (turtlesim_control) Command: {'cmd': ['/usr/bin/python3', '-W', 'ignore:setup.py install is deprecated', '-W', 'ignore:easy_install command is deprecated', 'setup.py', 'egg_info', '--egg-base', '../../build/turtlesim_control', 'build', '--build-base', '/home/alejandra/ros2_ws/build/turtlesim_control/build', 'install', '--record', '/home/alejandra/ros2_ws/build/turtlesim_control/install.log', '--install-scripts', '$base/lib/turtlesim_control', '--single-version-externally-managed', 'install_data'], 'cwd': '/home/alejandra/ros2_ws/src/turtlesim_control', 'env': {'LESSOPEN': '| /usr/bin/lesspipe %s', 'GZ_SIM_RESOURCE_PATH': '/opt/ros/jazzy/share', 'USER': 'alejandra', 'GZ_CONFIG_PATH': '/opt/ros/jazzy/opt/gz_sim_vendor/share/gz:/opt/ros/jazzy/opt/sdformat_vendor/share/gz:/opt/ros/jazzy/opt/gz_gui_vendor/share/gz:/opt/ros/jazzy/opt/gz_transport_vendor/share/gz:/opt/ros/jazzy/opt/gz_rendering_vendor/share/gz:/opt/ros/jazzy/opt/gz_plugin_vendor/share/gz:/opt/ros/jazzy/opt/gz_fuel_tools_vendor/share/gz:/opt/ros/jazzy/opt/gz_msgs_vendor/share/gz:/opt/ros/jazzy/opt/gz_common_vendor/share/gz', 'GIT_ASKPASS': '/home/alejandra/.vscode-server/bin/645f29cc3176500b4b5762ba887cf2a7f0ffdf2c/extensions/git/dist/askpass.sh', 'SHLVL': '2', 'LD_LIBRARY_PATH': '/home/alejandra/ros2_ws/install/tutorial_interfaces/lib:/opt/ros/jazzy/opt/gz_sim_vendor/lib:/opt/ros/jazzy/opt/gz_sensors_vendor/lib:/opt/ros/jazzy/opt/gz_physics_vendor/lib:/opt/ros/jazzy/opt/sdformat_vendor/lib:/opt/ros/jazzy/opt/rviz_ogre_vendor/lib:/opt/ros/jazzy/lib/x86_64-linux-gnu:/opt/ros/jazzy/opt/gz_gui_vendor/lib:/opt/ros/jazzy/opt/gz_transport_vendor/lib:/opt/ros/jazzy/opt/gz_rendering_vendor/lib:/opt/ros/jazzy/opt/gz_plugin_vendor/lib:/opt/ros/jazzy/opt/gz_fuel_tools_vendor/lib:/opt/ros/jazzy/opt/gz_msgs_vendor/lib:/opt/ros/jazzy/opt/gz_common_vendor/lib:/opt/ros/jazzy/opt/gz_math_vendor/lib:/opt/ros/jazzy/opt/gz_utils_vendor/lib:/opt/ros/jazzy/opt/gz_tools_vendor/lib:/opt/ros/jazzy/opt/gz_ogre_next_vendor/lib:/opt/ros/jazzy/opt/gz_dartsim_vendor/lib:/opt/ros/jazzy/opt/gz_cmake_vendor/lib:/opt/ros/jazzy/lib', 'MOTD_SHOWN': 'update-motd', 'HOME': '/home/alejandra', 'OLDPWD': '/home/alejandra/ros2_ws/src/my_robot_launch', 'TERM_PROGRAM_VERSION': '1.137.0', 'VSCODE_IPC_HOOK_CLI': '/run/user/1000/vscode-ipc-11d74f31-1347-4b18-98cf-144642d45944.sock', 'ROS_PYTHON_VERSION': '3', 'VSCODE_GIT_ASKPASS_MAIN': '/home/alejandra/.vscode-server/bin/645f29cc3176500b4b5762ba887cf2a7f0ffdf2c/extensions/git/dist/askpass-main.js', 'VSCODE_GIT_ASKPASS_NODE': '/home/alejandra/.vscode-server/bin/645f29cc3176500b4b5762ba887cf2a7f0ffdf2c/node', 'VSCODE_PYTHON_AUTOACTIVATE_GUARD': '1', 'DBUS_SESSION_BUS_ADDRESS': 'unix:path=/run/user/1000/bus', 'COLORTERM': 'truecolor', 'WSL_DISTRO_NAME': 'Ubuntu', 'DEBUGINFOD_URLS': 'https://debuginfod.ubuntu.com', 'WAYLAND_DISPLAY': 'wayland-0', 'ROS_DISTRO': 'jazzy', 'LOGNAME': 'alejandra', 'NAME': 'Code', 'WSL_INTEROP': '/run/WSL/65119_interop', 'PULSE_SERVER': 'unix:/mnt/wslg/PulseServer', '_': '/usr/bin/colcon', 'ROS_VERSION': '2', 'TERM': 'xterm-256color', 'PATH': '/home/alejandra/.vscode-server/bin/645f29cc3176500b4b5762ba887cf2a7f0ffdf2c/bin/remote-cli:/opt/ros/jazzy/opt/gz_msgs_vendor/bin:/opt/ros/jazzy/opt/gz_tools_vendor/bin:/opt/ros/jazzy/opt/gz_ogre_next_vendor/bin:/opt/ros/jazzy/bin:/usr/local/sbin:/usr/local/bin:/usr/sbin:/usr/bin:/sbin:/bin:/usr/games:/usr/local/games:/usr/lib/wsl/lib:/mnt/c/Program Files (x86)/Common Files/Oracle/Java/java8path:/mnt/c/Program Files (x86)/Common Files/Oracle/Java/javapath:/mnt/c/WINDOWS/system32:/mnt/c/WINDOWS:/mnt/c/WINDOWS/System32/Wbem:/mnt/c/WINDOWS/System32/WindowsPowerShell/v1.0/:/mnt/c/WINDOWS/System32/OpenSSH/:/mnt/c/Program Files (x86)/PowerShell/7/:/mnt/c/ProgramData/chocolatey/bin:/mnt/c/Program Files/Microchip/xc-dsc/v3.21/bin:/mnt/c/Program Files/Microchip/xc16/v2.10/bin:/mnt/c/Program Files/Git/cmd:/mnt/c/Program Files/dotnet/:/mnt/c/Program Files/usbipd-win/:/mnt/c/Program Files/MATLAB/R2026a/bin:/mnt/c/Users/aleja/AppData/Local/Programs/oh-my-posh/bin/:/mnt/c/Users/aleja/AppData/Local/Programs/Python/Launcher/:/mnt/c/Users/aleja/AppData/Local/Microsoft/WindowsApps:/mnt/c/Users/aleja/AppData/Local/Programs/Microsoft VS Code/bin:/mnt/c/Users/aleja/AppData/Local/Programs/MiKTeX/miktex/bin/x64/:/mnt/c/Users/aleja/AppData/Local/Microsoft/WinGet/Packages/JernejSimoncic.Wget_Microsoft.Winget.Source_8wekyb3d8bbwe:/mnt/c/Users/aleja/AppData/Local/spicetify:/mnt/c/Users/aleja/OneDrive/Escritorio/MikTex/miktex/bin/x64/:/snap/bin', 'XDG_RUNTIME_DIR': '/run/user/1000/', 'DISPLAY': ':0', 'LANG': 'en_US.UTF-8', 'LS_COLORS': 'rs=0:di=01;34:ln=01;36:mh=00:pi=40;33:so=01;35:do=01;35:bd=40;33;01:cd=40;33;01:or=40;31;01:mi=00:su=37;41:sg=30;43:ca=00:tw=30;42:ow=34;42:st=37;44:ex=01;32:*.tar=01;31:*.tgz=01;31:*.arc=01;31:*.arj=01;31:*.taz=01;31:*.lha=01;31:*.lz4=01;31:*.lzh=01;31:*.lzma=01;31:*.tlz=01;31:*.txz=01;31:*.tzo=01;31:*.t7z=01;31:*.zip=01;31:*.z=01;31:*.dz=01;31:*.gz=01;31:*.lrz=01;31:*.lz=01;31:*.lzo=01;31:*.xz=01;31:*.zst=01;31:*.tzst=01;31:*.bz2=01;31:*.bz=01;31:*.tbz=01;31:*.tbz2=01;31:*.tz=01;31:*.deb=01;31:*.rpm=01;31:*.jar=01;31:*.war=01;31:*.ear=01;31:*.sar=01;31:*.rar=01;31:*.alz=01;31:*.ace=01;31:*.zoo=01;31:*.cpio=01;31:*.7z=01;31:*.rz=01;31:*.cab=01;31:*.wim=01;31:*.swm=01;31:*.dwm=01;31:*.esd=01;31:*.avif=01;35:*.jpg=01;35:*.jpeg=01;35:*.mjpg=01;35:*.mjpeg=01;35:*.gif=01;35:*.bmp=01;35:*.pbm=01;35:*.pgm=01;35:*.ppm=01;35:*.tga=01;35:*.xbm=01;35:*.xpm=01;35:*.tif=01;35:*.tiff=01;35:*.png=01;35:*.svg=01;35:*.svgz=01;35:*.mng=01;35:*.pcx=01;35:*.mov=01;35:*.mpg=01;35:*.mpeg=01;35:*.m2v=01;35:*.mkv=01;35:*.webm=01;35:*.webp=01;35:*.ogm=01;35:*.mp4=01;35:*.m4v=01;35:*.mp4v=01;35:*.vob=01;35:*.qt=01;35:*.nuv=01;35:*.wmv=01;35:*.asf=01;35:*.rm=01;35:*.rmvb=01;35:*.flc=01;35:*.avi=01;35:*.fli=01;35:*.flv=01;35:*.gl=01;35:*.dl=01;35:*.xcf=01;35:*.xwd=01;35:*.yuv=01;35:*.cgm=01;35:*.emf=01;35:*.ogv=01;35:*.ogx=01;35:*.aac=00;36:*.au=00;36:*.flac=00;36:*.m4a=00;36:*.mid=00;36:*.midi=00;36:*.mka=00;36:*.mp3=00;36:*.mpc=00;36:*.ogg=00;36:*.ra=00;36:*.wav=00;36:*.oga=00;36:*.opus=00;36:*.spx=00;36:*.xspf=00;36:*~=00;90:*#=00;90:*.bak=00;90:*.crdownload=00;90:*.dpkg-dist=00;90:*.dpkg-new=00;90:*.dpkg-old=00;90:*.dpkg-tmp=00;90:*.old=00;90:*.orig=00;90:*.part=00;90:*.rej=00;90:*.rpmnew=00;90:*.rpmorig=00;90:*.rpmsave=00;90:*.swp=00;90:*.tmp=00;90:*.ucf-dist=00;90:*.ucf-new=00;90:*.ucf-old=00;90:', 'VSCODE_GIT_IPC_HANDLE': '/run/user/1000/vscode-git-8bff9a6284.sock', 'TERM_PROGRAM': 'vscode', 'AMENT_PREFIX_PATH': '/home/alejandra/ros2_ws/install/tutorial_interfaces:/opt/ros/jazzy', 'SHELL': '/bin/bash', 'LESSCLOSE': '/usr/bin/lesspipe %s %s', 'ROS_AUTOMATIC_DISCOVERY_RANGE': 'SUBNET', 'VSCODE_GIT_ASKPASS_EXTRA_ARGS': '', 'PWD': '/home/alejandra/ros2_ws/build/turtlesim_control', 'XDG_DATA_DIRS': '/usr/local/share:/usr/share:/var/lib/snapd/desktop', 'PYTHONPATH': '/home/alejandra/ros2_ws/build/turtlesim_control/prefix_override:/usr/lib/python3/dist-packages/colcon_core/task/python/colcon_distutils_commands:/home/alejandra/ros2_ws/install/turtlesim_control/lib/python3.12/site-packages:/home/alejandra/ros2_ws/install/tutorial_interfaces/lib/python3.12/site-packages:/opt/ros/jazzy/lib/python3.12/site-packages', 'COLCON': '1', 'WSL2_GUI_APPS_ENABLED': '1', 'HOSTTYPE': 'x86_64', 'CMAKE_PREFIX_PATH': '/home/alejandra/ros2_ws/install/tutorial_interfaces:/opt/ros/jazzy/opt/gz_sim_vendor:/opt/ros/jazzy/opt/gz_sensors_vendor:/opt/ros/jazzy/opt/gz_physics_vendor:/opt/ros/jazzy/opt/sdformat_vendor:/opt/ros/jazzy/opt/gz_gui_vendor:/opt/ros/jazzy/opt/gz_transport_vendor:/opt/ros/jazzy/opt/gz_rendering_vendor:/opt/ros/jazzy/opt/gz_plugin_vendor:/opt/ros/jazzy/opt/gz_fuel_tools_vendor:/opt/ros/jazzy/opt/gz_msgs_vendor:/opt/ros/jazzy/opt/gz_common_vendor:/opt/ros/jazzy/opt/gz_math_vendor:/opt/ros/jazzy/opt/gz_utils_vendor:/opt/ros/jazzy/opt/gz_tools_vendor:/opt/ros/jazzy/opt/gz_ogre_next_vendor:/opt/ros/jazzy/opt/gz_dartsim_vendor:/opt/ros/jazzy/opt/gz_cmake_vendor', 'WSLENV': 'ELECTRON_RUN_AS_NODE/w:'}, 'shell': False}
[3.714164] (-) TimerEvent: {}
[3.736077] (py_action) StdoutLine: {'line': b'running egg_info\n'}
[3.756963] (py_action) StdoutLine: {'line': b'writing ../../build/py_action/py_action.egg-info/PKG-INFO\n'}
[3.757999] (py_action) StdoutLine: {'line': b'writing dependency_links to ../../build/py_action/py_action.egg-info/dependency_links.txt\n'}
[3.758439] (py_action) StdoutLine: {'line': b'writing entry points to ../../build/py_action/py_action.egg-info/entry_points.txt\n'}
[3.758921] (py_action) StdoutLine: {'line': b'writing requirements to ../../build/py_action/py_action.egg-info/requires.txt\n'}
[3.759010] (py_action) StdoutLine: {'line': b'writing top-level names to ../../build/py_action/py_action.egg-info/top_level.txt\n'}
[3.787291] (py_srvcli) StdoutLine: {'line': b'running egg_info\n'}
[3.803277] (py_action) StdoutLine: {'line': b"reading manifest file '../../build/py_action/py_action.egg-info/SOURCES.txt'\n"}
[3.805360] (py_action) StdoutLine: {'line': b"writing manifest file '../../build/py_action/py_action.egg-info/SOURCES.txt'\n"}
[3.805720] (py_action) StdoutLine: {'line': b'running build\n'}
[3.805978] (py_action) StdoutLine: {'line': b'running build_py\n'}
[3.806735] (py_action) StdoutLine: {'line': b'running install\n'}
[3.810674] (py_srvcli) StdoutLine: {'line': b'writing ../../build/py_srvcli/py_srvcli.egg-info/PKG-INFO\n'}
[3.811853] (py_srvcli) StdoutLine: {'line': b'writing dependency_links to ../../build/py_srvcli/py_srvcli.egg-info/dependency_links.txt\n'}
[3.812152] (py_srvcli) StdoutLine: {'line': b'writing entry points to ../../build/py_srvcli/py_srvcli.egg-info/entry_points.txt\n'}
[3.812352] (py_srvcli) StdoutLine: {'line': b'writing requirements to ../../build/py_srvcli/py_srvcli.egg-info/requires.txt\n'}
[3.812477] (py_srvcli) StdoutLine: {'line': b'writing top-level names to ../../build/py_srvcli/py_srvcli.egg-info/top_level.txt\n'}
[3.813866] (py_action) StdoutLine: {'line': b'running install_lib\n'}
[3.814341] (-) TimerEvent: {}
[3.840570] (py_action) StdoutLine: {'line': b'running install_data\n'}
[3.841062] (py_action) StdoutLine: {'line': b'running install_egg_info\n'}
[3.860743] (py_srvcli) StdoutLine: {'line': b"reading manifest file '../../build/py_srvcli/py_srvcli.egg-info/SOURCES.txt'\n"}
[3.862151] (py_srvcli) StdoutLine: {'line': b"writing manifest file '../../build/py_srvcli/py_srvcli.egg-info/SOURCES.txt'\n"}
[3.862447] (py_srvcli) StdoutLine: {'line': b'running build\n'}
[3.862570] (py_srvcli) StdoutLine: {'line': b'running build_py\n'}
[3.862952] (py_srvcli) StdoutLine: {'line': b'running install\n'}
[3.871267] (py_srvcli) StdoutLine: {'line': b'running install_lib\n'}
[3.872951] (py_action) StdoutLine: {'line': b"removing '/home/alejandra/ros2_ws/install/py_action/lib/python3.12/site-packages/py_action-0.0.0-py3.12.egg-info' (and everything under it)\n"}
[3.873202] (py_action) StdoutLine: {'line': b'Copying ../../build/py_action/py_action.egg-info to /home/alejandra/ros2_ws/install/py_action/lib/python3.12/site-packages/py_action-0.0.0-py3.12.egg-info\n'}
[3.873894] (py_action) StdoutLine: {'line': b'running install_scripts\n'}
[3.897131] (py_srvcli) StdoutLine: {'line': b'running install_data\n'}
[3.897466] (py_srvcli) StdoutLine: {'line': b'running install_egg_info\n'}
[3.914491] (-) TimerEvent: {}
[3.920987] (py_srvcli) StdoutLine: {'line': b"removing '/home/alejandra/ros2_ws/install/py_srvcli/lib/python3.12/site-packages/py_srvcli-0.0.0-py3.12.egg-info' (and everything under it)\n"}
[3.922036] (py_srvcli) StdoutLine: {'line': b'Copying ../../build/py_srvcli/py_srvcli.egg-info to /home/alejandra/ros2_ws/install/py_srvcli/lib/python3.12/site-packages/py_srvcli-0.0.0-py3.12.egg-info\n'}
[3.925094] (py_srvcli) StdoutLine: {'line': b'running install_scripts\n'}
[4.014693] (-) TimerEvent: {}
[4.016296] (turtlesim_control) StdoutLine: {'line': b'running egg_info\n'}
[4.027703] (py_action) StdoutLine: {'line': b'Installing server script to /home/alejandra/ros2_ws/install/py_action/lib/py_action\n'}
[4.028130] (py_action) StdoutLine: {'line': b"writing list of installed files to '/home/alejandra/ros2_ws/build/py_action/install.log'\n"}
[4.038460] (turtlesim_control) StdoutLine: {'line': b'writing ../../build/turtlesim_control/turtlesim_control.egg-info/PKG-INFO\n'}
[4.041117] (turtlesim_control) StdoutLine: {'line': b'writing dependency_links to ../../build/turtlesim_control/turtlesim_control.egg-info/dependency_links.txt\n'}
[4.041935] (turtlesim_control) StdoutLine: {'line': b'writing entry points to ../../build/turtlesim_control/turtlesim_control.egg-info/entry_points.txt\n'}
[4.042170] (turtlesim_control) StdoutLine: {'line': b'writing requirements to ../../build/turtlesim_control/turtlesim_control.egg-info/requires.txt\n'}
[4.042305] (turtlesim_control) StdoutLine: {'line': b'writing top-level names to ../../build/turtlesim_control/turtlesim_control.egg-info/top_level.txt\n'}
[4.080126] (py_srvcli) StdoutLine: {'line': b'Installing client script to /home/alejandra/ros2_ws/install/py_srvcli/lib/py_srvcli\n'}
[4.082147] (py_action) CommandEnded: {'returncode': 0}
[4.082528] (py_srvcli) StdoutLine: {'line': b'Installing server script to /home/alejandra/ros2_ws/install/py_srvcli/lib/py_srvcli\n'}
[4.083282] (py_srvcli) StdoutLine: {'line': b"writing list of installed files to '/home/alejandra/ros2_ws/build/py_srvcli/install.log'\n"}
[4.092808] (turtlesim_control) StdoutLine: {'line': b"reading manifest file '../../build/turtlesim_control/turtlesim_control.egg-info/SOURCES.txt'\n"}
[4.094655] (turtlesim_control) StdoutLine: {'line': b"writing manifest file '../../build/turtlesim_control/turtlesim_control.egg-info/SOURCES.txt'\n"}
[4.095861] (turtlesim_control) StdoutLine: {'line': b'running build\n'}
[4.096062] (turtlesim_control) StdoutLine: {'line': b'running build_py\n'}
[4.096230] (turtlesim_control) StdoutLine: {'line': b'running install\n'}
[4.098859] (py_action) JobEnded: {'identifier': 'py_action', 'rc': 0}
[4.102848] (turtlesim_control) StdoutLine: {'line': b'running install_lib\n'}
[4.114856] (-) TimerEvent: {}
[4.129613] (turtlesim_control) StdoutLine: {'line': b'running install_data\n'}
[4.130031] (turtlesim_control) StdoutLine: {'line': b'running install_egg_info\n'}
[4.131459] (py_srvcli) CommandEnded: {'returncode': 0}
[4.145492] (py_srvcli) JobEnded: {'identifier': 'py_srvcli', 'rc': 0}
[4.153469] (turtlesim_control) StdoutLine: {'line': b"removing '/home/alejandra/ros2_ws/install/turtlesim_control/lib/python3.12/site-packages/turtlesim_control-0.0.0-py3.12.egg-info' (and everything under it)\n"}
[4.156449] (turtlesim_control) StdoutLine: {'line': b'Copying ../../build/turtlesim_control/turtlesim_control.egg-info to /home/alejandra/ros2_ws/install/turtlesim_control/lib/python3.12/site-packages/turtlesim_control-0.0.0-py3.12.egg-info\n'}
[4.158768] (turtlesim_control) StdoutLine: {'line': b'running install_scripts\n'}
[4.214989] (-) TimerEvent: {}
[4.315481] (-) TimerEvent: {}
[4.382778] (turtlesim_control) StdoutLine: {'line': b'Installing controller script to /home/alejandra/ros2_ws/install/turtlesim_control/lib/turtlesim_control\n'}
[4.384076] (turtlesim_control) StdoutLine: {'line': b"writing list of installed files to '/home/alejandra/ros2_ws/build/turtlesim_control/install.log'\n"}
[4.415839] (-) TimerEvent: {}
[4.462834] (turtlesim_control) CommandEnded: {'returncode': 0}
[4.478670] (turtlesim_control) JobEnded: {'identifier': 'turtlesim_control', 'rc': 0}
[4.480603] (-) EventReactorShutdown: {}
